nome,email,cucina,zona,telefono,sito,link_demo,piatti
"170 Grammi","ciao@170grammi.com.au","pizza","Surry Hills e Darlinghurst","","https://170grammi.com.au","https://gustobolsa-chat.pages.dev/?restaurant=170-grammi&table=1","21"
"3 Wise Monkeys","info@3wisemonkeys.com.au","Pub","Haymarket e Chinatown","(02) 9283 5855","http://www.3wisemonkeys.com.au/","https://gustobolsa-chat.pages.dev/?restaurant=3-wise-monkeys&table=1","29"
"4 Doors Down","4doors@themercantilehotel.com.au","Café","Circular Quay e The Rocks","(02) 8358 2340","https://www.themercantilehotel.com.au/4-doors-down","https://gustobolsa-chat.pages.dev/?restaurant=4-doors-down&table=1","23"
"6Head","info@6head.com.au","Steakhouse","Circular Quay e The Rocks","(02) 8629 8866","https://6head.com.au","https://gustobolsa-chat.pages.dev/?restaurant=6head&table=1","18"
"8848 Momo House","support@8848momos.com.au","Dumpling Restaurant","Centro citta' (CBD)","(02) 8022 8365","http://www.8848momos.com.au","https://gustobolsa-chat.pages.dev/?restaurant=8848-momo-house&table=1","20"
"Abb Air Thai","hello@abbair.com.au","","Surry Hills e Darlinghurst","+61 2 8068 2564","https://abbair.com.au/","https://gustobolsa-chat.pages.dev/?restaurant=abb-air-thai&table=1","63"
"ABODE Bistro.Bar","rsvp@abodebistro.com","Australian Restaurant","Centro citta' (CBD)","(02) 9260 2945","http://abodebistro.com","https://gustobolsa-chat.pages.dev/?restaurant=abode-bistro-bar&table=1","23"
"Ajisen Ramen [味千ラーメン]","info@ajisenramensydney.com.au","Ramen Restaurant","Haymarket e Chinatown","(02) 9267 8816","http://ajisenramensydney.com.au","https://gustobolsa-chat.pages.dev/?restaurant=ajisen-ramen&table=1","34"
"Akti","reservations@aktisydney.com.au","greek","Potts Point e Kings Cross","","https://www.akti.com.au/","https://gustobolsa-chat.pages.dev/?restaurant=akti&table=1","27"
"Al Aseel","hello@alaseel.com.au","lebanese","Newtown","+61 2 9550 3194","https://www.alaseel.com.au/","https://gustobolsa-chat.pages.dev/?restaurant=al-aseel&table=1","68"
"Albion Place Hotel","info@albionplacehotel.com.au","","Centro citta' (CBD)","","https://albionplacehotel.com.au/","https://gustobolsa-chat.pages.dev/?restaurant=albion-place-hotel&table=1","29"
"Alchemy Polish Cafe Restaurant","alchemy572@gmail.com","Polish Restaurant","Surry Hills e Darlinghurst","(02) 9699 2455","http://www.alchemy-restaurant.com","https://gustobolsa-chat.pages.dev/?restaurant=alchemy-polish-cafe-restaurant&table=1","29"
"Alex Lee Kitchen","media@kensingtonstreet.com.au","Singaporean Restaurant","Haymarket e Chinatown","(02) 9281 0822","https://spicealley.com.au/alex-lee-kitchen","https://gustobolsa-chat.pages.dev/?restaurant=alex-lee-kitchen&table=1","34"
"Alpha","dining@dedesgroup.com.au","Modern_Greek","Centro citta' (CBD)","","http://www.alpharestaurant.com.au/","https://gustobolsa-chat.pages.dev/?restaurant=alpha&table=1","19"
"Amalfi Restaurant Bondi Beach","info@amalfibondibeach.com.au","Restaurant","Bondi Beach","0405 441 522","https://www.amalfibondibeach.com.au","https://gustobolsa-chat.pages.dev/?restaurant=amalfi-restaurant-bondi-beach&table=1","35"
"Amuro","info@amuro.au","Japanese Restaurant","Surry Hills e Darlinghurst","","https://amuro.au","https://gustobolsa-chat.pages.dev/?restaurant=amuro&table=1","22"
"Ante","work@ante.bar","Bar","Newtown","","https://www.ante.bar","https://gustobolsa-chat.pages.dev/?restaurant=ante&table=1","9"
"Apollonia","hello@hinchcliffhouse.com","Cocktail Bar","Circular Quay e The Rocks","(02) 7228 1400","https://apollonia.sydney","https://gustobolsa-chat.pages.dev/?restaurant=apollonia&table=1","23"
"Ardi’s Block to Grill","hello@ardisblocktogrill.com","Steakhouse","Surry Hills e Darlinghurst","(02) 9319 4313","https://www.ardisblocktogrill.com","https://gustobolsa-chat.pages.dev/?restaurant=ardi-s-block-to-grill&table=1","49"
"Aria Restaurant","res.ariasydney@solotel.com.au","Australian Restaurant","Circular Quay e The Rocks","(02) 9240 2255","https://www.ariasydney.com.au","https://gustobolsa-chat.pages.dev/?restaurant=aria-restaurant&table=1","19"
"Arthouse Hotel","info@ahhotel.com.au","","Centro citta' (CBD)","+61 2 9284 1200","https://www.ahhotel.com.au","https://gustobolsa-chat.pages.dev/?restaurant=arthouse-hotel&table=1","27"
"Arthouse Kitchen","arthousekitchen@hotmail.com","","Surry Hills e Darlinghurst","","https://arthousekitchen.com.au/","https://gustobolsa-chat.pages.dev/?restaurant=arthouse-kitchen&table=1","21"
"Arthur Surry Hills","hello@arthurrestaurant.com","Australian Restaurant","Surry Hills e Darlinghurst","0468 991 088","http://www.arthurrestaurant.com","https://gustobolsa-chat.pages.dev/?restaurant=arthur-surry-hills&table=1","24"
"Arthur's Pizza","bondijunction@arthurspizza.com.au","pizza","Glebe","","https://www.arthurspizza.com.au/","https://gustobolsa-chat.pages.dev/?restaurant=arthur-s-pizza&table=1","71"
"Artistry Garden","info@artistrygarden.com","French Restaurant","Centro citta' (CBD)","(02) 9241 7101","https://artistrygarden.com","https://gustobolsa-chat.pages.dev/?restaurant=artistry-garden&table=1","19"
"Australian Wine Emporium","hello@australianheritagehotel.com","Restaurant","Circular Quay e The Rocks","(02) 9247 2229","http://www.australianheritagehotel.com","https://gustobolsa-chat.pages.dev/?restaurant=australian-wine-emporium&table=1","46"
"Avi's Kantini","res.bankhotel@solotel.com.au","Middle Eastern Restaurant","Newtown","(02) 8568 1900","https://www.bankhotel.com.au/avis-kantini","https://gustobolsa-chat.pages.dev/?restaurant=avi-s-kantini&table=1","8"
"Azuma","azuma@azuma.com.au","Japanese Restaurant","Centro citta' (CBD)","(02) 9222 9960","https://azuma.com.au","https://gustobolsa-chat.pages.dev/?restaurant=azuma&table=1","15"
"Bake Bar","info@bakebar.com.au","","Double Bay e Darling Point","","https://www.bakebar.com.au/cafe-bakery-double-bay/","https://gustobolsa-chat.pages.dev/?restaurant=bake-bar&table=1","26"
"Balcony Coffee Shop","mark@petrel.biz","Café","Centro citta' (CBD)","(02) 9233 7260","http://www.dymockscafe.com.au","https://gustobolsa-chat.pages.dev/?restaurant=balcony-coffee-shop&table=1","28"
"Bang Tang","nahmkhong@gmail.com","Asian Restaurant","Potts Point e Kings Cross","(02) 8542 0133","https://www.bangtangpottspoint.com","https://gustobolsa-chat.pages.dev/?restaurant=bang-tang&table=1","30"
"Bar Cleveland","info@barcleveland.com.au","Pub","Surry Hills e Darlinghurst","(02) 9698 1908","http://www.barcleveland.com.au","https://gustobolsa-chat.pages.dev/?restaurant=bar-cleveland&table=1","15"
"Bar Conte","info@barconte.com.au","Bar","Surry Hills e Darlinghurst","(02) 7254 1170","http://www.barconte.com.au","https://gustobolsa-chat.pages.dev/?restaurant=bar-conte&table=1","8"
"Bar Copains","hello@barcopains.com","Wine Bar","Surry Hills e Darlinghurst","","https://barcopains.com","https://gustobolsa-chat.pages.dev/?restaurant=bar-copains&table=1","25"
"Bar Cycle","alberto@barcycle.com.au","Café","Circular Quay e The Rocks","(02) 9252 2274","http://www.barcycle.com.au","https://gustobolsa-chat.pages.dev/?restaurant=bar-cycle&table=1","20"
"Bar Mammoni","barmammoni@hinchcliffhouse.com","","Circular Quay e The Rocks","","https://barmammoni.sydney/","https://gustobolsa-chat.pages.dev/?restaurant=bar-mammoni&table=1","26"
"Basax Korean Chicken","basaxpitt@gmail.com","Korean Restaurant","Haymarket e Chinatown","(02) 8880 5543","http://www.basax.com.au","https://gustobolsa-chat.pages.dev/?restaurant=basax-korean-chicken&table=1","18"
"Bellevue Woolloomooloo","info@bellevuewoolloomooloo.com.au","french","Potts Point e Kings Cross","","https://bellevuewoolloomooloo.com.au/","https://gustobolsa-chat.pages.dev/?restaurant=bellevue-woolloomooloo&table=1","35"
"Bellucci Cucina","eat@bellucci.com.au","fish, italian, italian_pizza","Centro citta' (CBD)","+61 2 9252 5325","https://www.bellucci.com.au/","https://gustobolsa-chat.pages.dev/?restaurant=bellucci-cucina&table=1","17"
"Bengong Black","cakeorder@bengongstea.com.au","Bubble Tea Shop","Haymarket e Chinatown","(02) 8518 1885","https://bengongstea.com.au","https://gustobolsa-chat.pages.dev/?restaurant=bengong-black&table=1","12"
"Bennelong","info@bennelong.com.au","","Circular Quay e The Rocks","+61 2 9240 8000","https://www.bennelong.com.au/","https://gustobolsa-chat.pages.dev/?restaurant=bennelong&table=1","18"
"Beppi's","beppis@beppis.com.au","Italian Restaurant","Centro citta' (CBD)","(02) 9360 4558","http://www.beppis.com.au","https://gustobolsa-chat.pages.dev/?restaurant=beppi-s&table=1","35"
"Big Fish Bistro & Bar","info@bigfish.com","Seafood Restaurant","Glebe","","https://bigfish-sydneyfishmarket.com","https://gustobolsa-chat.pages.dev/?restaurant=big-fish-bistro-bar&table=1","12"
"Bistro Ebony","manager@bistroebony.com.au","Food and Beverage Retail","Centro citta' (CBD)","(02) 9150 5230","https://www.bistroebony.com.au","https://gustobolsa-chat.pages.dev/?restaurant=bistro-ebony&table=1","12"
"Bistro Papillon","bonjour@bistropapillon.com.au","French Restaurant","Centro citta' (CBD)","(02) 9262 2402","http://www.bistropapillon.com.au","https://gustobolsa-chat.pages.dev/?restaurant=bistro-papillon&table=1","32"
"Blackbird Café","blackbird@blackbirdcafe.com.au","","Centro citta' (CBD)","","https://blackbirdcafe.com.au/","https://gustobolsa-chat.pages.dev/?restaurant=blackbird-cafe&table=1","8"
"Blackwood Bondi","info@blackwoodhospitality.com.au","Café","Bondi Beach","(02) 9544 4857","https://www.blackwoodhospitality.com.au","https://gustobolsa-chat.pages.dev/?restaurant=blackwood-bondi&table=1","29"
"Bloodwood Restaurant & Bar","info@bloodwoodnewtown.com","Australian Restaurant","Newtown","(02) 9557 7699","http://www.bloodwoodnewtown.com","https://gustobolsa-chat.pages.dev/?restaurant=bloodwood-restaurant-bar&table=1","23"
"Blue Eye Dragon","eat@blueeyedragon.com.au","Asian Restaurant","Pyrmont","0455 455 255","http://www.blueeyedragon.com.au","https://gustobolsa-chat.pages.dev/?restaurant=blue-eye-dragon&table=1","16"
"Bluewater Cafe","info@bluewatercafe.com.au","Café","Manly","(02) 9976 2051","https://bluewatercafe.com.au","https://gustobolsa-chat.pages.dev/?restaurant=bluewater-cafe&table=1","90"
"Bondi Icebergs","events@icebergs.com.au","Social Club","Bondi Beach","(02) 9130 3120","http://www.icebergs.com.au","https://gustobolsa-chat.pages.dev/?restaurant=bondi-icebergs&table=1","16"
"Bondi Trattoria","info@bonditrattoria.com.au","Italian Restaurant","Bondi Beach","(02) 9365 4303","https://www.bonditrattoria.com.au","https://gustobolsa-chat.pages.dev/?restaurant=bondi-trattoria&table=1","125"
"Bopp & Tone","book@boppandtone.com.au","","Centro citta' (CBD)","","https://boppandtone.com.au/","https://gustobolsa-chat.pages.dev/?restaurant=bopp-tone&table=1","16"
"Bōrn by Tapavino","bookings@borntapavino.com.au","Spanish Restaurant","Centro citta' (CBD)","(02) 8072 7387","http://www.borntapavino.com.au","https://gustobolsa-chat.pages.dev/?restaurant=born-by-tapavino&table=1","27"
"Bottega Coco","info@bottegacoco.com.au","","Centro citta' (CBD)","","https://bottegacoco.com.au/","https://gustobolsa-chat.pages.dev/?restaurant=bottega-coco&table=1","25"
"Bourke Street Bakery","info@bourkestreetbakery.com.au","Bakery","Centro citta' (CBD)","(02) 8313 9468","http://www.bourkestreetbakery.com.au","https://gustobolsa-chat.pages.dev/?restaurant=bourke-street-bakery&table=1","94"
"Bowery Lane","events@bowerylane.com.au","Café","Centro citta' (CBD)","(02) 9252 8017","http://www.bowerylane.com.au","https://gustobolsa-chat.pages.dev/?restaurant=bowery-lane&table=1","39"
"Braza Churrascaria","book@braza.com.au","Churrascaria","Centro citta' (CBD)","(02) 9572 7921","http://www.braza.com.au","https://gustobolsa-chat.pages.dev/?restaurant=braza-churrascaria&table=1","55"
"Brooksy Bar","info@brooksybar.com","Bar","Centro citta' (CBD)","(02) 9696 2500","http://www.brooksybar.com","https://gustobolsa-chat.pages.dev/?restaurant=brooksy-bar&table=1","8"
"Btwn","bf.sydney@whotels.com","Australian Restaurant","Centro citta' (CBD)","(02) 9072 0090","https://www.btwnsydney.com.au","https://gustobolsa-chat.pages.dev/?restaurant=btwn&table=1","29"
"Bullion Bar","reservations@bullionbaranddining.com.au","","Centro citta' (CBD)","","https://www.bullionbaranddining.com.au/","https://gustobolsa-chat.pages.dev/?restaurant=bullion-bar&table=1","20"
"Buon Ricordo Ristorante","buonricordo@buonricordo.com.au","italian","Surry Hills e Darlinghurst","","https://buonricordo.com.au/","https://gustobolsa-chat.pages.dev/?restaurant=buon-ricordo-ristorante&table=1","21"
"Burdekin","bookings@burdekin.com.au","","Surry Hills e Darlinghurst","","https://burdekin.com.au/","https://gustobolsa-chat.pages.dev/?restaurant=burdekin&table=1","8"
"Busshari Japanese Restaurant","busshari@busshari.com.au","asian, sushi, japanese","Potts Point e Kings Cross","+61 2 9357 4555","https://busshari.com.au/","https://gustobolsa-chat.pages.dev/?restaurant=busshari-japanese-restaurant&table=1","47"
"Busta","pasta@busta.com.au","Italian Restaurant","Manly","(02) 8966 9917","https://www.busta.com.au","https://gustobolsa-chat.pages.dev/?restaurant=busta&table=1","12"
"Cafe 18","info@18footers.com","breakfast, coffee_shop","Double Bay e Darling Point","","https://18footers.com/bar-and-dining/cafe/","https://gustobolsa-chat.pages.dev/?restaurant=cafe-18&table=1","55"
"Cafe Del Mar","fareed@thedigify.agency","Cocktail Bar","Centro citta' (CBD)","(02) 9267 6700","http://www.cafedelmar.com.au","https://gustobolsa-chat.pages.dev/?restaurant=cafe-del-mar&table=1","45"
"Cafe Felix","info@finexsolutions.com.au","coffee_shop","Newtown","","https://cafefelixsydney.com/","https://gustobolsa-chat.pages.dev/?restaurant=cafe-felix&table=1","21"
"Cafe Kentaro","info@cafekentaro.com.au","Café","Surry Hills e Darlinghurst","(02) 9699 2665","https://www.cafekentaro.com.au","https://gustobolsa-chat.pages.dev/?restaurant=cafe-kentaro&table=1","29"
"Cafe Paci","info@cafepaci.com.au","Australian Restaurant","Newtown","(02) 9550 6196","https://www.cafepaci.com.au","https://gustobolsa-chat.pages.dev/?restaurant=cafe-paci&table=1","21"
"Cafe Sydney","reservations@cafesydney.com","Australian Restaurant","Circular Quay e The Rocks","(02) 9251 8683","http://www.cafesydney.com","https://gustobolsa-chat.pages.dev/?restaurant=cafe-sydney&table=1","32"
"Café Trim","admin@laissez.com.au","Café","Centro citta' (CBD)","(02) 9273 1213","http://www.laissez.com.au","https://gustobolsa-chat.pages.dev/?restaurant=cafe-trim&table=1","15"
"Caffe Roma","info@sydneycafferoma.com.au","","Potts Point e Kings Cross","","https://www.cafferoma.com.au/","https://gustobolsa-chat.pages.dev/?restaurant=caffe-roma&table=1","111"
"Caffeine Cartel","info@caffeinecartelsydney.com","Café","Centro citta' (CBD)","(02) 8320 6172","https://www.caffeinecartelsydney.com","https://gustobolsa-chat.pages.dev/?restaurant=caffeine-cartel&table=1","21"
"Calaveras","calaveras2042@hotmail.com","Mexican Restaurant","Newtown","0451 541 712","http://www.calaverasmexican.com.au","https://gustobolsa-chat.pages.dev/?restaurant=calaveras&table=1","89"
"Callao","info@callao.com.au","","Centro citta' (CBD)","+61 2 8529 8996","https://callao.com.au/","https://gustobolsa-chat.pages.dev/?restaurant=callao&table=1","45"
"Carbon Mexican Woodfire","info@carbonmexican.com.au","Restaurant","Bondi Beach","(02) 9365 6092","http://www.carbonmexican.com.au","https://gustobolsa-chat.pages.dev/?restaurant=carbon-mexican-woodfire&table=1","63"
"Cardea","info@cardeasydney.com.au","","Centro citta' (CBD)","","https://cardeasydney.com.au/","https://gustobolsa-chat.pages.dev/?restaurant=cardea&table=1","21"
"Cartel","manager@kscartel.com.au","South American Restaurant","Haymarket e Chinatown","(02) 9211 8376","http://www.cartelkensingtonstreet.com.au","https://gustobolsa-chat.pages.dev/?restaurant=cartel&table=1","20"
"Casa di Nico","dine@lovecasa.com.au","italian","Centro citta' (CBD)","+61 2 9279 4115","https://lovecasa.com.au/","https://gustobolsa-chat.pages.dev/?restaurant=casa-di-nico&table=1","14"
"Cellini's Cafe Bar and Restaurant","leekelly4@aol.com","Italian Restaurant","Centro citta' (CBD)","(02) 9264 4671","http://www.cellinis.net.au","https://gustobolsa-chat.pages.dev/?restaurant=cellini-s-cafe-bar-and-restaurant&table=1","120"
"Chaco Bar","info@chacobar.com.au","Japanese Restaurant","Potts Point e Kings Cross","(02) 8593 4567","http://chacobar.com.au","https://gustobolsa-chat.pages.dev/?restaurant=chaco-bar&table=1","38"
"Chamberlain Hotel","c-bar@reservehotels.com.au","Pub","Haymarket e Chinatown","(02) 9288 0888","http://www.chamberlainhotel.com.au","https://gustobolsa-chat.pages.dev/?restaurant=chamberlain-hotel&table=1","17"
"Chapter E","chapterepty@gmail.com","","Surry Hills e Darlinghurst","","https://chapteredarlinghurst.com.au/","https://gustobolsa-chat.pages.dev/?restaurant=chapter-e&table=1","11"
"Chapter Five","reservations@thecastlereagh.com.au","","Centro citta' (CBD)","","https://www.thecastlereagh.com.au/dining/cafe-reagh/","https://gustobolsa-chat.pages.dev/?restaurant=chapter-five&table=1","22"
"Charmed by Redfern","sam@charmedbyredfern.com","","Surry Hills e Darlinghurst","+61 2 8084 7237","https://www.charmedbyredfern.com/","https://gustobolsa-chat.pages.dev/?restaurant=charmed-by-redfern&table=1","52"
"Chat Thai","bookings@amonrat.com.au","Thai Restaurant","Manly","(02) 9976 2939","http://www.chatthai.com.au/","https://gustobolsa-chat.pages.dev/?restaurant=chat-thai&table=1","8"
"Cheers Bar","info@cheersbar.com.au","","Surry Hills e Darlinghurst","","http://www.cheersbar.com.au","https://gustobolsa-chat.pages.dev/?restaurant=cheers-bar&table=1","33"
"Chef N Wok","contactus@chefnwok.com","Chinese Restaurant","Centro citta' (CBD)","0452 398 885","https://chefnwok.com","https://gustobolsa-chat.pages.dev/?restaurant=chef-n-wok&table=1","57"
"Chester White Cured Diner","chesterwhitediner@gmail.com","","Potts Point e Kings Cross","","https://www.chesterwhitediner.com.au/","https://gustobolsa-chat.pages.dev/?restaurant=chester-white-cured-diner&table=1","42"
"Chez Beckett's","hello@beckettsbardining.com.au","French Restaurant","Glebe","0419 380 444","https://www.beckettsbardining.com.au","https://gustobolsa-chat.pages.dev/?restaurant=chez-beckett-s&table=1","23"
"Chica Bonita Manly","hola@chicabonita.com.au","Mexican Restaurant","Manly","(02) 9976 5255","http://www.chicabonita.com.au","https://gustobolsa-chat.pages.dev/?restaurant=chica-bonita-manly&table=1","15"
"Chin Chin","eat@chinchinsydney.com.au","Thai Restaurant","Surry Hills e Darlinghurst","(02) 9281 3322","https://www.chinchin.sydney","https://gustobolsa-chat.pages.dev/?restaurant=chin-chin&table=1","29"
"China Doll","reservations@chinadoll.com.au","asian","Potts Point e Kings Cross","","https://www.chinadoll.com.au/","https://gustobolsa-chat.pages.dev/?restaurant=china-doll&table=1","119"
"Chinta Ria Buddha Love","info@chintariabuddhalove.com","Malay Restaurant","Haymarket e Chinatown","(02) 8072 9141","https://www.chintariabuddhalove.com","https://gustobolsa-chat.pages.dev/?restaurant=chinta-ria-buddha-love&table=1","61"
"Cho Cho San","enquiries@chochosan.com.au","japanese","Potts Point e Kings Cross","+61 2 9331 6601","https://chochosan.com.au/","https://gustobolsa-chat.pages.dev/?restaurant=cho-cho-san&table=1","51"
"Chrysler Cafe & Bar","info@chryslercafebar.com","Café","Centro citta' (CBD)","(02) 9231 4711","http://www.chryslercafebar.com","https://gustobolsa-chat.pages.dev/?restaurant=chrysler-cafe-bar&table=1","35"
"Chulho","shyam@gmail.com","Indian Restaurant","Haymarket e Chinatown","(02) 8593 1620","https://www.chulho.com.au","https://gustobolsa-chat.pages.dev/?restaurant=chulho&table=1","129"
"Cinder","hello@cinder.restaurant","brazilian","Centro citta' (CBD)","+61 2 9413 9848","https://cinder.restaurant/","https://gustobolsa-chat.pages.dev/?restaurant=cinder&table=1","20"
"City Oltra","hello@oltra.pizza","Pizzeria","Haymarket e Chinatown","0423 808 400","https://oltra.pizza","https://gustobolsa-chat.pages.dev/?restaurant=city-oltra&table=1","9"
"Claire's Kitchen at le Salon","marc@claireskitchen.com.au","French Restaurant","Surry Hills e Darlinghurst","0493 233 870","http://www.claireskitchen.com.au","https://gustobolsa-chat.pages.dev/?restaurant=claire-s-kitchen-at-le-salon&table=1","19"
"Clam Bar","reservations@clambarsydney.com\","Bar","Circular Quay e The Rocks","(02) 9016 1590","http://www.clambarsydney.com","https://gustobolsa-chat.pages.dev/?restaurant=clam-bar&table=1","10"
"Colombo Social","help@plateitforward.org.au","Sri Lankan Restaurant","Newtown","0423 177 067","https://colombosocial.com.au","https://gustobolsa-chat.pages.dev/?restaurant=colombo-social&table=1","30"
"Come to the Grill at the International for high-end, open-air dining","info@internationalsydney.com","Restaurant","Centro citta' (CBD)","","https://internationalsydney.com","https://gustobolsa-chat.pages.dev/?restaurant=come-to-the-grill-at-the-international-f&table=1","53"
"Comeco Foods","comecofoods@gmail.com","Donut Shop","Newtown","","https://www.comecofoods.com.au","https://gustobolsa-chat.pages.dev/?restaurant=comeco-foods&table=1","16"
"Continental Delicatessen","enquiries@continentaldelicatessen.com.au","","Centro citta' (CBD)","","https://www.continentaldelicatessen.com.au/cbd","https://gustobolsa-chat.pages.dev/?restaurant=continental-delicatessen&table=1","20"
"Cooper's Hotel","hello@thecoopershotel.com.au","Gastropub","Newtown","(02) 9550 3461","http://www.coopershotel.com.au","https://gustobolsa-chat.pages.dev/?restaurant=cooper-s-hotel&table=1","14"
"Costi's Fish & Chips","accounts@costisfishandchips.com.au","Seafood Restaurant","Circular Quay e The Rocks","(02) 8084 6955","https://www.costisfishandchips.com.au","https://gustobolsa-chat.pages.dev/?restaurant=costi-s-fish-chips&table=1","12"
"Criterion Hotel","enquiries@criterionhotel.net.au","Pub","Centro citta' (CBD)","(02) 9264 3093","http://www.criterionhotel.net.au","https://gustobolsa-chat.pages.dev/?restaurant=criterion-hotel&table=1","24"
"Crown Hotel Surry Hills","info@universalhotels.com.au","Bar","Surry Hills e Darlinghurst","(02) 9699 3460","http://www.crownhotel.com.au","https://gustobolsa-chat.pages.dev/?restaurant=crown-hotel-surry-hills&table=1","44"
"Customs House Bar","customshousebar@marriotthotels.com","Beer Garden","Circular Quay e The Rocks","(02) 9259 7317","https://www.customshousebar.com.au","https://gustobolsa-chat.pages.dev/?restaurant=customs-house-bar&table=1","98"
"Cuzzy’s Kebab","cuzzyskebaberko@gmail.com","Doner Restaurant","Newtown","(02) 8068 8833","https://www.cuzzyskebab.com","https://gustobolsa-chat.pages.dev/?restaurant=cuzzy-s-kebab&table=1","25"
"Da Orazio","reservations@daorazio.com.au","Italian Restaurant","Bondi Beach","(02) 8376 1600","https://www.daorazio.com.au","https://gustobolsa-chat.pages.dev/?restaurant=da-orazio&table=1","102"
"Dad & The Frog Cafe","contact@dadandthefrog.com.au","Café","Surry Hills e Darlinghurst","0410 256 053","https://dadandthefrog.com.au","https://gustobolsa-chat.pages.dev/?restaurant=dad-the-frog-cafe&table=1","49"
"de Vine","info@devinefoodandwine.com.au","Restaurant","Centro citta' (CBD)","(02) 9262 6906","http://www.devinefoodandwine.com.au","https://gustobolsa-chat.pages.dev/?restaurant=de-vine&table=1","10"
"Dean & Nancy on 22","cocktails@deanandnancyon22.com.au","Cocktail Bar","Centro citta' (CBD)","(02) 9182 9777","https://www.deanandnancyon22.com.au","https://gustobolsa-chat.pages.dev/?restaurant=dean-nancy-on-22&table=1","14"
"Dear Sainte Éloise","tilly@lovetillydevine.com","","Potts Point e Kings Cross","","https://www.dearsainteeloise.com/","https://gustobolsa-chat.pages.dev/?restaurant=dear-sainte-eloise&table=1","9"
"Delhi O Delhi","info@delhiodelhi.com.au","indian","Newtown","+61 2 9557 4455","https://www.delhiodelhi.com.au/","https://gustobolsa-chat.pages.dev/?restaurant=delhi-o-delhi&table=1","61"
"Diethnes Greek Restaurant","diethnesgreek@optusnet.com.au","Greek Restaurant","Haymarket e Chinatown","(02) 9267 8956","https://www.diethnes.com.au","https://gustobolsa-chat.pages.dev/?restaurant=diethnes-greek-restaurant&table=1","31"
"Dispensary 1908","dispensary1908cafebar@gmail.com","Café","Glebe","(02) 8386 3129","https://dispensary1908.com.au","https://gustobolsa-chat.pages.dev/?restaurant=dispensary-1908&table=1","34"
"Divino Osteria","bookings@divinoosteria.com.au","italian","Potts Point e Kings Cross","","https://www.divinoosteria.com.au/","https://gustobolsa-chat.pages.dev/?restaurant=divino-osteria&table=1","11"
"Dizzybird","dizzybirdsydney@fourpoints.com","Restaurant","Haymarket e Chinatown","(02) 8202 8822","https://www.dizzybirdsydney.com","https://gustobolsa-chat.pages.dev/?restaurant=dizzybird&table=1","28"
"don Fred","info@donfred.com.au","Italian Restaurant","Newtown","(02) 9000 5602","http://donfred.com.au","https://gustobolsa-chat.pages.dev/?restaurant=don-fred&table=1","36"
"Don Giovanni Pizza Bar","info@dongiovannipizzabar.com.au","Pizzeria","Surry Hills e Darlinghurst","0422 582 318","http://www.dongiovannipizzabar.com.au","https://gustobolsa-chat.pages.dev/?restaurant=don-giovanni-pizza-bar&table=1","15"
"Don't Tell Aunty","info@donttellaunty.com.au","indian","Surry Hills e Darlinghurst","","https://donttellaunty.com.au/","https://gustobolsa-chat.pages.dev/?restaurant=don-t-tell-aunty&table=1","47"
"Donny's","bookings@donnys.com.au","Bar","Manly","(02) 9977 1887","http://www.donnys.com.au","https://gustobolsa-chat.pages.dev/?restaurant=donny-s&table=1","9"
"door knock","events@doorknock.com.au","","Centro citta' (CBD)","","https://www.doorknock.com.au/","https://gustobolsa-chat.pages.dev/?restaurant=door-knock&table=1","33"
"Dove and Olive","marketing@doveandolive.com.au","","Surry Hills e Darlinghurst","+61 2 9699 6001","https://doveandolive.com.au/","https://gustobolsa-chat.pages.dev/?restaurant=dove-and-olive&table=1","8"
"Duk Inn Newtown","bizniz@dukinn.com.au","Chinese Restaurant","Newtown","0402 887 928","https://dukinn.com.au","https://gustobolsa-chat.pages.dev/?restaurant=duk-inn-newtown&table=1","52"
"Dynasty Karaoke","bookings@dynastyclub.com.au","Karaoke Bar","Haymarket e Chinatown","(02) 9281 9006","https://www.dynastykaraoke.com.au","https://gustobolsa-chat.pages.dev/?restaurant=dynasty-karaoke&table=1","105"
"East Village Sydney","hello@evhotel.com.au","Beer Bar","Surry Hills e Darlinghurst","0431 622 944","http://www.eastvillagesydney.com.au","https://gustobolsa-chat.pages.dev/?restaurant=east-village-sydney&table=1","37"
"Eastbank","info@eastbank.com.au","Italian Restaurant","Circular Quay e The Rocks","(02) 9241 6722","http://www.eastbank.com.au","https://gustobolsa-chat.pages.dev/?restaurant=eastbank&table=1","34"
"Eat Ozzo","hello@eatozzo.com","coffee_shop, pizza","Darling Harbour e Barangaroo","+61 450 925 094","https://www.eatozzo.com/","https://gustobolsa-chat.pages.dev/?restaurant=eat-ozzo&table=1","82"
"Echo Point","info@echopoint.club","Karaoke Bar","Centro citta' (CBD)","(02) 9283 1618","http://www.echopoint.club","https://gustobolsa-chat.pages.dev/?restaurant=echo-point&table=1","11"
"Edomae Sushi Yokocho","infoburwood@edomaesushi.com.au","Sushi Restaurant","Centro citta' (CBD)","0499 944 895","http://edomaesushi.com.au","https://gustobolsa-chat.pages.dev/?restaurant=edomae-sushi-yokocho&table=1","69"
"El Camino","reservations@hunter-street.com.au","Mexican Restaurant","Manly","(02) 8099 7075","http://www.elcaminocantina.com.au","https://gustobolsa-chat.pages.dev/?restaurant=el-camino&table=1","20"
"El Indio","info@elindiobondi.com","","Bondi Beach","+61 468 481 945","https://www.elindiobondi.com/","https://gustobolsa-chat.pages.dev/?restaurant=el-indio&table=1","56"
"El Patron Street Tacos","elpatronmextacos@gmail.com","","Newtown","","https://www.elpatrontacos.com.au/","https://gustobolsa-chat.pages.dev/?restaurant=el-patron-street-tacos&table=1","21"
"El Primo Sanchez","hello@elprimosanchez.com","","Surry Hills e Darlinghurst","","https://www.elprimosanchez.com","https://gustobolsa-chat.pages.dev/?restaurant=el-primo-sanchez&table=1","39"
"El Rocco","pizza@elrocco.com.au","","Potts Point e Kings Cross","+61 2 9368 0894","http://www.elrocco.com.au","https://gustobolsa-chat.pages.dev/?restaurant=el-rocco&table=1","18"
"Elements Bar and Grill Pyrmont","info@elementsbarandgrill.com.au","steak_house, bar_and_grill","Pyrmont","","https://www.elementsbarandgrill.com.au/home","https://gustobolsa-chat.pages.dev/?restaurant=elements-bar-and-grill-pyrmont&table=1","18"
"Emad's Restaurant","booking@domainame.com","Lebanese Restaurant","Surry Hills e Darlinghurst","(02) 9698 2631","http://emadsrestaurant.com.au","https://gustobolsa-chat.pages.dev/?restaurant=emad-s-restaurant&table=1","16"
"Employees Only","info@employeesonlysyd.com","Cocktail Bar","Centro citta' (CBD)","(02) 8084 7490","https://www.employeesonlysyd.com","https://gustobolsa-chat.pages.dev/?restaurant=employees-only&table=1","28"
"Erciyes Restaurant","erciyesrestaurant@gmail.com","Turkish Restaurant","Surry Hills e Darlinghurst","(02) 9319 1309","http://www.erciyesrestaurant.com.au","https://gustobolsa-chat.pages.dev/?restaurant=erciyes-restaurant&table=1","54"
"ESQ Bar & Dining","reservations@esqatqvb.com.au","Restaurant","Centro citta' (CBD)","(02) 8023 7609","https://www.esqatqvb.com.au/#","https://gustobolsa-chat.pages.dev/?restaurant=esq-bar-dining&table=1","22"
"Esteban","info@estebanrestaurant.com.au","Mexican Restaurant","Centro citta' (CBD)","(02) 9062 8565","https://www.estebanrestaurant.com.au","https://gustobolsa-chat.pages.dev/?restaurant=esteban&table=1","25"
"Etheus","hello@etheus.sydney","Mediterranean Restaurant","Bondi Beach","(02) 7228 1408","http://etheus.sydney","https://gustobolsa-chat.pages.dev/?restaurant=etheus&table=1","36"
"Ezra","info@ezrarestaurant.com.au","","Potts Point e Kings Cross","","https://ezrarestaurant.com.au/","https://gustobolsa-chat.pages.dev/?restaurant=ezra&table=1","10"
"Fairmont Restaurant / Steak House","enquiries@theoccidental.com","Steakhouse","Centro citta' (CBD)","(02) 9299 7180","https://theoccidental.com/restaurant","https://gustobolsa-chat.pages.dev/?restaurant=fairmont-restaurant-steak-house&table=1","85"
"Fei Jai","fatboy@feijai.com","chinese","Potts Point e Kings Cross","+61 2 8668 4424","https://feijai.com/","https://gustobolsa-chat.pages.dev/?restaurant=fei-jai&table=1","154"
"Fins & Ribs","info@finsandribs.com.au","Fish and Chips Shop","Manly","(02) 8592 0197","https://www.finsandribs.com.au","https://gustobolsa-chat.pages.dev/?restaurant=fins-ribs&table=1","96"
"Fish at the Rocks","reservations@fishattherocks.com.au","fish","Darling Harbour e Barangaroo","+61 2 9252 4614","https://fishattherocks.com.au/","https://gustobolsa-chat.pages.dev/?restaurant=fish-at-the-rocks&table=1","109"
"Fishmongers","info@fishmongersbondi.com.au","Seafood Restaurant","Bondi Beach","(02) 9365 2205","http://fishmongersbondi.com.au","https://gustobolsa-chat.pages.dev/?restaurant=fishmongers&table=1","41"
"Fleetwood Macchiato","hello@fleetwoodmacchiato.com","Café","Newtown","(02) 9557 9291","http://www.fleetwoodmacchiato.com","https://gustobolsa-chat.pages.dev/?restaurant=fleetwood-macchiato&table=1","25"
"Flight Path Wine Bar","info@flightpathwinebar.com.au","Wine Bar","Newtown","","http://flightpathwinebar.com.au","https://gustobolsa-chat.pages.dev/?restaurant=flight-path-wine-bar&table=1","13"
"Flour Drum","sales@flourdrum.com.au","Café","Newtown","(02) 9565 2822","http://flourdrum.com.au","https://gustobolsa-chat.pages.dev/?restaurant=flour-drum&table=1","20"
"Flyover Fritterie","hello@flyoverfritterie.com.au","Indian Restaurant","Centro citta' (CBD)","0415 908 085","http://flyoverfritterie.com","https://gustobolsa-chat.pages.dev/?restaurant=flyover-fritterie&table=1","21"
"Forest Lodge Hotel","info@forestlodgehotel.com.au","","Glebe","+61 2 9660 1872","https://www.forestlodgehotel.com.au/","https://gustobolsa-chat.pages.dev/?restaurant=forest-lodge-hotel&table=1","53"
"Four Ate Five","order@fouratefive.com","","Surry Hills e Darlinghurst","","https://www.fouratefive.com/","https://gustobolsa-chat.pages.dev/?restaurant=four-ate-five&table=1","36"
"Frank Mac's","info@frankmacs.com.au","Cocktail Bar","Circular Quay e The Rocks","0450 701 083","http://www.frankmacs.com.au","https://gustobolsa-chat.pages.dev/?restaurant=frank-mac-s&table=1","30"
"Fratelli Fresh","reservations@hunter-street.com.au","","Haymarket e Chinatown","","https://fratellifresh.com.au/venues/darling-harbour/","https://gustobolsa-chat.pages.dev/?restaurant=fratelli-fresh&table=1","30"
"Fratelli Paradiso","fratelli@fratelliparadiso.com","italian","Potts Point e Kings Cross","","https://fratelliparadiso.com/","https://gustobolsa-chat.pages.dev/?restaurant=fratelli-paradiso&table=1","10"
"Frothy","frothy@kavehkanes.com.au","Café","Surry Hills e Darlinghurst","0415 812 426","https://frothycafe.wixsite.com/webpage","https://gustobolsa-chat.pages.dev/?restaurant=frothy&table=1","40"
"Gaku Robata Grill","gaku.robata@gmail.com","Japanese Restaurant","Surry Hills e Darlinghurst","(02) 9380 2145","https://www.gakurobatagrill.com.au","https://gustobolsa-chat.pages.dev/?restaurant=gaku-robata-grill&table=1","43"
"Gallon","julian@gallon.com.au","Pub","Pyrmont","0402 799 557","http://www.gallon.com.au","https://gustobolsa-chat.pages.dev/?restaurant=gallon&table=1","21"
"Garfish","info@garfish.com.au","fish","Manly","","https://garfish.com.au","https://gustobolsa-chat.pages.dev/?restaurant=garfish&table=1","29"
"Gavroche","reservations@gavroche.com.au","French Restaurant","Haymarket e Chinatown","(02) 9281 6668","http://gavroche.com.au","https://gustobolsa-chat.pages.dev/?restaurant=gavroche&table=1","16"
"Gazebo","info@bloodymaryssydney.com.au","","Potts Point e Kings Cross","+61 2 9360 5568","https://bloodymaryssydney.com.au/","https://gustobolsa-chat.pages.dev/?restaurant=gazebo&table=1","39"
"Gertrude & Alice","info@gertrudeandalice.com.au","Café","Bondi Beach","(02) 9130 5155","http://www.gertrudeandalice.com.au","https://gustobolsa-chat.pages.dev/?restaurant=gertrude-alice&table=1","57"
"Gin Lane","info@ginlanesydney.com.au","Cocktail Bar","Haymarket e Chinatown","0415 122 113","http://ginlanesydney.com","https://gustobolsa-chat.pages.dev/?restaurant=gin-lane&table=1","138"
"Gina","hello@ginapastabar.com.au","italian","Centro citta' (CBD)","","https://ginapastabar.com.au/","https://gustobolsa-chat.pages.dev/?restaurant=gina&table=1","9"
"Gino's Kitchen & Cocktails","info@ginoskitchen.com.au","Italian Restaurant","Surry Hills e Darlinghurst","(02) 8084 6100","https://ginoskitchen.com.au","https://gustobolsa-chat.pages.dev/?restaurant=gino-s-kitchen-cocktails&table=1","66"
"Glam Cafe & Pancaked","info@gramaustralia.com","Café","Centro citta' (CBD)","(02) 8084 0866","https://www.gramaustralia.com.au","https://gustobolsa-chat.pages.dev/?restaurant=glam-cafe-pancaked&table=1","24"
"Glass Brasserie","glass.sydney@hilton.cglass.sydney@hilton.comom","australian, regional","Centro citta' (CBD)","+61 2 9265 6068","https://www.glassbrasserie.com.au/","https://gustobolsa-chat.pages.dev/?restaurant=glass-brasserie&table=1","30"
"Good Co. Coffee","info@goodcocoffee.com","Café","Centro citta' (CBD)","(02) 9299 6267","http://www.goodcocoffee.com","https://gustobolsa-chat.pages.dev/?restaurant=good-co-coffee&table=1","112"
"Good Ways Deli","gday@goodwaysdeli.com.au","","Surry Hills e Darlinghurst","","https://www.goodwaysdeli.com.au/","https://gustobolsa-chat.pages.dev/?restaurant=good-ways-deli&table=1","24"
"Gran Torino","info@grantorinodoublebay.com","italian","Double Bay e Darling Point","","https://themargaretfamily.com/venue/gran-torino/","https://gustobolsa-chat.pages.dev/?restaurant=gran-torino&table=1","43"
"Great Aunty Three","anhtd@greatauntythree.com","vietnamese","Pyrmont","+61 2 9281 8882","https://greatauntythree.com/","https://gustobolsa-chat.pages.dev/?restaurant=great-aunty-three&table=1","10"
"Great Southern Bar","manager@greatsouthernbar.com.au","Bar","Haymarket e Chinatown","(02) 9211 1337","http://www.greatsouthernbar.com.au","https://gustobolsa-chat.pages.dev/?restaurant=great-southern-bar&table=1","51"
"Green Peppercorn","info@greenpeppercorn.com.au","Thai Restaurant","Haymarket e Chinatown","(02) 8080 7043","http://www.greenpeppercorn.com.au","https://gustobolsa-chat.pages.dev/?restaurant=green-peppercorn&table=1","10"
"Greenhouse Asian Salads","greenhouseasiansalads@gmail.com","Salad Restaurant","Double Bay e Darling Point","(02) 8959 8007","http://www.greenhouseasiansalads.com.au","https://gustobolsa-chat.pages.dev/?restaurant=greenhouse-asian-salads&table=1","44"
"Greens Supermarket","info@greensfood.com.au","Grocery Store","Newtown","","https://www.greenssupermarket.com.au","https://gustobolsa-chat.pages.dev/?restaurant=greens-supermarket&table=1","17"
"Grounds of the City","info@groundsroasters.com","coffee_shop","Centro citta' (CBD)","","https://thegrounds.com.au/dine-in/the-city/","https://gustobolsa-chat.pages.dev/?restaurant=grounds-of-the-city&table=1","43"
"Gusto","info@gustoespressobar.com.au","Café","Bondi Beach","(02) 9130 4565","http://www.gustoespressobar.com.au","https://gustobolsa-chat.pages.dev/?restaurant=gusto&table=1","24"
"Haak Eatery","info@haakeatery.com.au","Korean Restaurant","Surry Hills e Darlinghurst","","https://haakeatery.com.au","https://gustobolsa-chat.pages.dev/?restaurant=haak-eatery&table=1","26"
"Haco","naoki@hacosydney.com.au","Japanese Restaurant","Surry Hills e Darlinghurst","0408 866 285","http://hacosydney.com.au","https://gustobolsa-chat.pages.dev/?restaurant=haco&table=1","23"
"Haigh's Chocolates","strand@haighs.com.au","Chocolate Store","Centro citta' (CBD)","(02) 9232 4199","http://haighschocolates.com.au","https://gustobolsa-chat.pages.dev/?restaurant=haigh-s-chocolates&table=1","68"
"Hamilton","hey@hamiltonpottspoint.com.au","","Potts Point e Kings Cross","","https://hamiltonpottspoint.com.au/","https://gustobolsa-chat.pages.dev/?restaurant=hamilton&table=1","17"
"Harpoon Harry Barbacoa","tables@hotelharry.com.au","South American Restaurant","Surry Hills e Darlinghurst","(02) 8262 8800","http://www.hotelharry.com.au","https://gustobolsa-chat.pages.dev/?restaurant=harpoon-harry-barbacoa&table=1","10"
"Harry's Cafe De Wheels","enquiries@harryscafedewheels.com.au","","Centro citta' (CBD)","","https://www.harryscafedewheels.com.au/","https://gustobolsa-chat.pages.dev/?restaurant=harry-s-cafe-de-wheels&table=1","35"
"Harrys by Giuls","info@harrysbygiuls.com.au","Italian Restaurant","Surry Hills e Darlinghurst","0466 492 529","https://www.harrysbygiuls.com.au","https://gustobolsa-chat.pages.dev/?restaurant=harrys-by-giuls&table=1","30"
"Henrietta","bondi@henriettachicken.com","Middle Eastern Restaurant","Surry Hills e Darlinghurst","(02) 9380 7247","https://www.henriettachicken.com","https://gustobolsa-chat.pages.dev/?restaurant=henrietta&table=1","14"
"Henry Deane","groupbookings@hotelpalisade.com","Lounge","Darling Harbour e Barangaroo","(02) 9018 0123","https://hotelpalisade.com.au/henrydeane","https://gustobolsa-chat.pages.dev/?restaurant=henry-deane&table=1","16"
"Hester's","hello@hesters.com.au","coffee_shop","Centro citta' (CBD)","","https://www.hesters.com.au/","https://gustobolsa-chat.pages.dev/?restaurant=hester-s&table=1","52"
"Hisshou Teppanyaki","1234@hisshou.com.au","Japanese Restaurant","Haymarket e Chinatown","(02) 9211 1234","http://www.hisshou.com.au","https://gustobolsa-chat.pages.dev/?restaurant=hisshou-teppanyaki&table=1","13"
"Honkas Bar + Eats","dine@honkas.com.au","asian","Potts Point e Kings Cross","","https://honkas.com.au/","https://gustobolsa-chat.pages.dev/?restaurant=honkas-bar-eats&table=1","47"
"Hoochie Mamma Cafe","info@hoochiemammacafe.com.au","Café","Newtown","(02) 9557 9444","http://www.hoochiemammacafe.com.au/","https://gustobolsa-chat.pages.dev/?restaurant=hoochie-mamma-cafe&table=1","39"
"Hot Didely Dog","ben@hotdidelydogs.com","Hot Dog Joint","Centro citta' (CBD)","(02) 8005 6004","http://www.hotdidelydogs.com","https://gustobolsa-chat.pages.dev/?restaurant=hot-didely-dog&table=1","18"
"Hotel Sweeney's","info@hotelsweeneys.com.au","Pub","Centro citta' (CBD)","(02) 9267 1796","https://hotelsweeneys.com.au","https://gustobolsa-chat.pages.dev/?restaurant=hotel-sweeney-s&table=1","80"
"Howards Cantina","enquiries@roseofaustralia.com.au","","Newtown","","https://www.roseofaustralia.com.au/","https://gustobolsa-chat.pages.dev/?restaurant=howards-cantina&table=1","41"
"Hugos","manly.functions@hugosmanly.com.au","pizza","Manly","","https://hugosmanly.com.au/","https://gustobolsa-chat.pages.dev/?restaurant=hugos&table=1","40"
"Hurricaines Grill Darling Harbour","reservations@hgcs.com.au","Restaurant","Darling Harbour e Barangaroo","(02) 9211 2210","https://hurricanesgrillrestaurants.com.au/darling-harbour","https://gustobolsa-chat.pages.dev/?restaurant=hurricaines-grill-darling-harbour&table=1","75"
"Hurricane's Grill & Bar Bondi Beach","facebook@hurricanesgrill.com.au","Steakhouse","Bondi Beach","(02) 9130 7101","https://www.hurricanesgrillandbar.com.au","https://gustobolsa-chat.pages.dev/?restaurant=hurricane-s-grill-bar-bondi-beach&table=1","157"
"Iberica","info@ibericabondi.com","Spanish Restaurant","Bondi Beach","0466 646 413","https://ibericabondi.com","https://gustobolsa-chat.pages.dev/?restaurant=iberica&table=1","11"
"Icebergs Dining Room and Bar","idrb@idrb.com","Italian Restaurant","Bondi Beach","(02) 9365 9000","http://www.idrb.com","https://gustobolsa-chat.pages.dev/?restaurant=icebergs-dining-room-and-bar&table=1","13"
"Ichi-ban Boshi","info@ichibanboshi.com.au","Ramen Restaurant","Centro citta' (CBD)","(02) 9262 7677","http://www.ichibanboshi.com.au","https://gustobolsa-chat.pages.dev/?restaurant=ichi-ban-boshi&table=1","146"
"Ichioku Japanese Teppanyaki Restaurant","booking@ichioku.com.au","Japanese Restaurant","Newtown","(02) 9557 5599","http://www.ichioku.com.au","https://gustobolsa-chat.pages.dev/?restaurant=ichioku-japanese-teppanyaki-restaurant&table=1","10"
"Ichoume","info@ichoume.com.au","Japanese Restaurant","Centro citta' (CBD)","(02) 9267 6579","https://ichoume.com.au","https://gustobolsa-chat.pages.dev/?restaurant=ichoume&table=1","36"
"Il Espresso","wickedangelcoffee@gmail.com","Coffee Shop","Surry Hills e Darlinghurst","(02) 8957 1933","http://www.ilespresso.com.au","https://gustobolsa-chat.pages.dev/?restaurant=il-espresso&table=1","55"
"Indigo","info@indigodoublebay.com","","Double Bay e Darling Point","+61 2 9363 5966","https://www.indigodoublebay.com/","https://gustobolsa-chat.pages.dev/?restaurant=indigo&table=1","72"
"Indigo Double Bay","info@indigodoublebay.com","Restaurant","Double Bay e Darling Point","(02) 9363 5966","http://www.barindigo.com.au","https://gustobolsa-chat.pages.dev/?restaurant=indigo-double-bay&table=1","82"
"Ipoh Town on York","info@ipohcentral.com","malaysian","Centro citta' (CBD)","+61 2 9299 0001","https://ipohtown.com.au","https://gustobolsa-chat.pages.dev/?restaurant=ipoh-town-on-york&table=1","54"
"Itadakimasu Onigiri & Bar","itadakimasuonigiri@gmail.com","japanese","Surry Hills e Darlinghurst","+61 494 612 324","https://itadakimasu.com.au/","https://gustobolsa-chat.pages.dev/?restaurant=itadakimasu-onigiri-bar&table=1","9"
"Ivanhoe Hotel Manly","info@ivanhoehotelmanly.com.au","Pub","Manly","(02) 9976 3955","http://ivanhoehotelmanly.com.au","https://gustobolsa-chat.pages.dev/?restaurant=ivanhoe-hotel-manly&table=1","24"
"Jackies Cafe","bookings@jackiespaddington.com.au","Café","Surry Hills e Darlinghurst","0460 682 871","http://www.jackiespaddington.com.au","https://gustobolsa-chat.pages.dev/?restaurant=jackies-cafe&table=1","55"
"Jacoby's","info@jacobys-tiki-bar.com","Tiki Bar","Newtown","0414 683 604","http://www.jacobys-tiki-bar.com","https://gustobolsa-chat.pages.dev/?restaurant=jacoby-s&table=1","41"
"Jambo Jambo Africa","booking@jambojamborestaurant.com.au","Ethiopian Restaurant","Glebe","(02) 8033 2303","http://www.jambojamborestaurant.com.au","https://gustobolsa-chat.pages.dev/?restaurant=jambo-jambo-africa&table=1","13"
"Jamie's Kitchen, Darlinghurst Sydney","info@jamieskitchen.com.au","Café","Surry Hills e Darlinghurst","(02) 9332 1666","http://www.jamieskitchen.com.au","https://gustobolsa-chat.pages.dev/?restaurant=jamie-s-kitchen-darlinghurst-sydney&table=1","25"
"Janus","info@janus-sydney.com.au","Café","Surry Hills e Darlinghurst","(02) 9380 8307","http://www.janus-sydney.com.au","https://gustobolsa-chat.pages.dev/?restaurant=janus&table=1","46"
"Jazushi","jazushi@gmail.com","Japanese Restaurant","Surry Hills e Darlinghurst","(02) 9699 8977","http://www.jazushi.com.au","https://gustobolsa-chat.pages.dev/?restaurant=jazushi&table=1","36"
"Jimmy’s Kitchen","dine@jimmyskitchenbaynine.au","Food and Beverage Retail","Circular Quay e The Rocks","(02) 9251 0897","https://thevenuesco.au/jimmyskitchenbaynine","https://gustobolsa-chat.pages.dev/?restaurant=jimmy-s-kitchen&table=1","24"
"Jipang","info@omnipos.com.au","Japanese Restaurant","Manly","(02) 9977 4436","https://www.jipang-manly.com","https://gustobolsa-chat.pages.dev/?restaurant=jipang&table=1","75"
"Jolene's","howdy@jolenessydney.com","Whisky Bar","Centro citta' (CBD)","0410 836 102","https://jolenessydney.com","https://gustobolsa-chat.pages.dev/?restaurant=jolene-s&table=1","8"
"Jordon's Seafood","dine@jordonsseafood.com.au","seafood","Centro citta' (CBD)","+61 2 9262 2412","https://jordonsseafood.com.au","https://gustobolsa-chat.pages.dev/?restaurant=jordon-s-seafood&table=1","31"
"June's Shoppe","hello@hesters.com.au","coffee_shop","Centro citta' (CBD)","","https://www.junes.com.au/","https://gustobolsa-chat.pages.dev/?restaurant=june-s-shoppe&table=1","39"
"Kahii","hi@kahii.com.au","tea, japanese","Centro citta' (CBD)","","https://www.kahii.com.au/","https://gustobolsa-chat.pages.dev/?restaurant=kahii&table=1","122"
"Kazzi Beach Greek","manly@kazzibeachgreek.com.au","greek","Manly","","https://kazzibeachgreek.com.au/manly/","https://gustobolsa-chat.pages.dev/?restaurant=kazzi-beach-greek&table=1","34"
"Kelly's on King","hello@kellysnewtown.com.au","Pub","Newtown","(02) 9171 0820","https://www.kellysnewtown.com.au","https://gustobolsa-chat.pages.dev/?restaurant=kelly-s-on-king&table=1","28"
"Kent St Hotel","hello@kentsthotel.com.au","Pub","Centro citta' (CBD)","(02) 8057 8193","https://www.kentsthotel.com.au","https://gustobolsa-chat.pages.dev/?restaurant=kent-st-hotel&table=1","31"
"Khôi’s","info@khois.com.au","Vietnamese Restaurant","Surry Hills e Darlinghurst","(02) 8054 6306","https://khois.com.au","https://gustobolsa-chat.pages.dev/?restaurant=khoi-s&table=1","42"
"Kid Kyoto","reservations@kidkyoto.com.au","Japanese Restaurant","Circular Quay e The Rocks","(02) 9241 1991","https://kidkyoto.com.au","https://gustobolsa-chat.pages.dev/?restaurant=kid-kyoto&table=1","16"
"Kiln","enquire@kilnsydney.com","","Surry Hills e Darlinghurst","+61 2 8099 8799","https://www.kilnsydney.com","https://gustobolsa-chat.pages.dev/?restaurant=kiln&table=1","46"
"Kindness Vegan Kitchen","hw.kindnesscafe@gmail.com","","Surry Hills e Darlinghurst","+61 2 9331 5578","https://www.kindnessvegan.com","https://gustobolsa-chat.pages.dev/?restaurant=kindness-vegan-kitchen&table=1","40"
"Kings Cross Hotel","hello@kingscrosshotel.com.au","","Potts Point e Kings Cross","","https://www.kingscrosshotel.com.au/","https://gustobolsa-chat.pages.dev/?restaurant=kings-cross-hotel&table=1","14"
"Kokumai","hello@kokumai.com.au","Sushi Restaurant","Circular Quay e The Rocks","(02) 8958 3355","https://kokumai.com.au","https://gustobolsa-chat.pages.dev/?restaurant=kokumai&table=1","39"
"Koromo by Jazushi","info@koromo.com.au","Restaurant","Darling Harbour e Barangaroo","(02) 8957 7811","http://www.koromo.com.au","https://gustobolsa-chat.pages.dev/?restaurant=koromo-by-jazushi&table=1","18"
"Kurumba is a Sri Lankan restaurant in Surry Hills","ayubowan@kurumbasyd.com.au","Restaurant","Centro citta' (CBD)","(02) 9331 5737","https://kurumbasyd.com.au","https://gustobolsa-chat.pages.dev/?restaurant=kurumba-is-a-sri-lankan-restaurant-in-su&table=1","8"
"La Bomba","contact@cafelabomba.com.au","breakfast, coffee_shop, spanish","Potts Point e Kings Cross","","https://cafelabomba.com.au/","https://gustobolsa-chat.pages.dev/?restaurant=la-bomba&table=1","13"
"La Favola","fabio@favola.com.au","Italian Restaurant","Newtown","(02) 8021 0002","http://www.favola.com.au","https://gustobolsa-chat.pages.dev/?restaurant=la-favola&table=1","104"
"La Madia Pizzeria","pizzerialamadiabondi@gmail.com","Pizzeria","Bondi Beach","0404 212 832","http://pizzerialamadia.com.au","https://gustobolsa-chat.pages.dev/?restaurant=la-madia-pizzeria&table=1","47"
"La Piadina","piadina@lapiadina.com.au","Italian Restaurant","Bondi Beach","(02) 9300 0160","http://www.lapiadina.com.au","https://gustobolsa-chat.pages.dev/?restaurant=la-piadina&table=1","58"
"La Ricetta Ristorante Italiano","enquiries@laricetta.com.au","italian","Newtown","+61 2 9519 0555","https://www.laricetta.com.au/","https://gustobolsa-chat.pages.dev/?restaurant=la-ricetta-ristorante-italiano&table=1","60"
"Lal Qila","enquire@lalqila.com.au","","Centro citta' (CBD)","","https://www.lalqila.com.au/","https://gustobolsa-chat.pages.dev/?restaurant=lal-qila&table=1","79"
"Lantern by Wagaya","info@lantern-wagaya.com","Japanese Restaurant","Haymarket e Chinatown","0483 141 151","http://www.lantern-wagaya.com","https://gustobolsa-chat.pages.dev/?restaurant=lantern-by-wagaya&table=1","21"
"Le Petit Tarte Cafe & Patisserie","lepetittarte@gmail.com","Café","Glebe","(02) 9566 4860","http://www.lepetittartecafe.com.au","https://gustobolsa-chat.pages.dev/?restaurant=le-petit-tarte-cafe-patisserie&table=1","23"
"Leo","hello@restaurantleo.com.au","","Centro citta' (CBD)","","https://restaurantleo.com.au/","https://gustobolsa-chat.pages.dev/?restaurant=leo&table=1","15"
"LeWrap","newtown@lewrap.com","Restaurant","Newtown","(02) 7234 9098","https://lewrap.com/locations/lewrap-newtown","https://gustobolsa-chat.pages.dev/?restaurant=lewrap&table=1","42"
"Lilong by Taste of Shanghai","enquiry@tasteofshanghai.com.au","chinese","Haymarket e Chinatown","","https://tasteofshanghai.com.au/lilong-2/","https://gustobolsa-chat.pages.dev/?restaurant=lilong-by-taste-of-shanghai&table=1","103"
"LinQ Bar","info@shelbournehotel.com.au","","Centro citta' (CBD)","","https://www.shelbournehotel.com.au/linq-bar-restaurant-photos","https://gustobolsa-chat.pages.dev/?restaurant=linq-bar&table=1","37"
"Little Turtle Thai Restaurant","littleturtlerestaurant@gmail.com","thai","Newtown","","https://littleturtlerestaurant.com/","https://gustobolsa-chat.pages.dev/?restaurant=little-turtle-thai-restaurant&table=1","59"
"Loam","enquire@loamsurryhills.com","","Surry Hills e Darlinghurst","+61 2 8099 8799","https://www.loamsurryhills.com/","https://gustobolsa-chat.pages.dev/?restaurant=loam&table=1","82"
"Lobo Plantation","info@thelobo.com.au","","Centro citta' (CBD)","","https://www.thelobo.com.au/","https://gustobolsa-chat.pages.dev/?restaurant=lobo-plantation&table=1","45"
"Loftus Lane Cafe","loftuslane.cafe@gmail.com","Café","Circular Quay e The Rocks","0426 359 394","https://www.loftuslanecafe.com.au","https://gustobolsa-chat.pages.dev/?restaurant=loftus-lane-cafe&table=1","34"
"Lokal","holla@lokalwine.com","Wine Bar","Surry Hills e Darlinghurst","","https://www.lokalwine.com.au","https://gustobolsa-chat.pages.dev/?restaurant=lokal&table=1","29"
"Lox In A Box","hello@loxinabox.com.au","","Bondi Beach","+61 402 406 434","https://www.loxinabox.com.au/","https://gustobolsa-chat.pages.dev/?restaurant=lox-in-a-box&table=1","26"
"Lox In a Box & After Hours Takeaway","hello@loxinabox.com.au","bagel","Bondi Beach","","https://www.loxinabox.com.au/","https://gustobolsa-chat.pages.dev/?restaurant=lox-in-a-box-after-hours-takeaway&table=1","26"
"Lox Stock & Barrel","info@loxstockandbarrel.com.au","","Bondi Beach","","https://www.loxstockandbarrel.com.au/","https://gustobolsa-chat.pages.dev/?restaurant=lox-stock-barrel&table=1","33"
"Lukumades","info@lukumades.co","greek","Haymarket e Chinatown","","https://www.lukumades.co/","https://gustobolsa-chat.pages.dev/?restaurant=lukumades&table=1","21"
"Lumiere Cafe & Patisserie","info@lumierecafe.com.au","Café","Surry Hills e Darlinghurst","(02) 9331 6184","http://lumierecafe.com.au","https://gustobolsa-chat.pages.dev/?restaurant=lumiere-cafe-patisserie&table=1","25"
"Luna Lu","reservations@lunalu.com.au","Asian Restaurant","Circular Quay e The Rocks","(02) 8220 8401","https://lunalu.com.au","https://gustobolsa-chat.pages.dev/?restaurant=luna-lu&table=1","18"
"Lush Bucket Cafe","kate@lushcatering.com.au","Café","Haymarket e Chinatown","(02) 9211 3551","http://lushbucketcafe.com.au","https://gustobolsa-chat.pages.dev/?restaurant=lush-bucket-cafe&table=1","53"
"Machi machi","info@machimachi.com.au","bubble_tea","Centro citta' (CBD)","","https://machimachi.com.au/?m=home&c=Lists&a=index&tid=70","https://gustobolsa-chat.pages.dev/?restaurant=machi-machi&table=1","49"
"Macleay Street Bistro","reservations@macleaystbistro.com.au","","Potts Point e Kings Cross","","https://macleaystbistro.com.au/","https://gustobolsa-chat.pages.dev/?restaurant=macleay-street-bistro&table=1","14"
"Made in Italy Sydney CBD","yorklane@madeinitaly.com.au","pizza, italian, pasta","Centro citta' (CBD)","+61 2 9299 0900","https://madeinitaly.com.au","https://gustobolsa-chat.pages.dev/?restaurant=made-in-italy-sydney-cbd&table=1","41"
"Maggie's","hello@maggiespottspoint.com.au","austrian","Potts Point e Kings Cross","+61 2 9331 2226","https://www.maggiespottspoint.com.au","https://gustobolsa-chat.pages.dev/?restaurant=maggie-s&table=1","72"
"Malabar South Indian Cuisine","info@malabarcuisine.com.au","indian","Surry Hills e Darlinghurst","","https://malabarcuisine.com.au/darlinghurst/","https://gustobolsa-chat.pages.dev/?restaurant=malabar-south-indian-cuisine&table=1","34"
"Mama Saan","info@mamasaan.com.au","Asian Restaurant","Bondi Beach","(02) 7207 9092","https://www.mamasaan.com.au","https://gustobolsa-chat.pages.dev/?restaurant=mama-saan&table=1","100"
"Mamak","info@mamak.com.au","malaysian","Haymarket e Chinatown","+61 2 9211 1668","https://www.mamak.com.au/","https://gustobolsa-chat.pages.dev/?restaurant=mamak&table=1","44"
"Mamasaan Bondi - Japanese Cuisine Restaurant and Bar in Bondi Beach","info@mamasaan.com.au","Food and Beverage Retail","Bondi Beach","(02) 7207 9092","https://www.mamasaanbondi.com","https://gustobolsa-chat.pages.dev/?restaurant=mamasaan-bondi-japanese-cuisine-restaura&table=1","100"
"Manjits Wharf","news@manjits.com.au","Indian Restaurant","Centro citta' (CBD)","(02) 9279 3379","https://manjits.com.au","https://gustobolsa-chat.pages.dev/?restaurant=manjits-wharf&table=1","52"
"Manly 16ft Skiff Sailing Club","events@manlyskiff.com.au","fish, regional, seafood","Manly","+61 2 9977 3322","https://www.manlyskiff.com.au","https://gustobolsa-chat.pages.dev/?restaurant=manly-16ft-skiff-sailing-club&table=1","46"
"Manly Pavilion","events@theboathousegroup.com.au","","Manly","","https://www.manly-pavilion.com.au/","https://gustobolsa-chat.pages.dev/?restaurant=manly-pavilion&table=1","24"
"Manon Brasserie","bookings@manonbrasserie.com.au","Brasserie","Centro citta' (CBD)","(02) 9051 2008","https://www.manonbrasserie.com.au","https://gustobolsa-chat.pages.dev/?restaurant=manon-brasserie&table=1","79"
"Manoosh","pizza@manoosh.com.au","Pizzeria","Newtown","(02) 9550 6606","https://www.ooshman.au","https://gustobolsa-chat.pages.dev/?restaurant=manoosh&table=1","86"
"Mappen","info@mappen.com.au","japanese, noodle","Centro citta' (CBD)","+61 2 9283 5525","https://mappen.com.au/","https://gustobolsa-chat.pages.dev/?restaurant=mappen&table=1","47"
"Margaret","info@margaretdoublebay.com","","Double Bay e Darling Point","+61 2 9068 8888","https://www.margaretdoublebay.com","https://gustobolsa-chat.pages.dev/?restaurant=margaret&table=1","26"
"Margot Osteria","info@margotosteria.com","Italian Restaurant","Centro citta' (CBD)","(02) 8349 4854","https://margotosteria.com.au","https://gustobolsa-chat.pages.dev/?restaurant=margot-osteria&table=1","30"
"Mark and Vinny's","info@markandvinnys.com","Italian Restaurant","Surry Hills e Darlinghurst","(02) 9007 7789","http://www.markandvinnys.com","https://gustobolsa-chat.pages.dev/?restaurant=mark-and-vinny-s&table=1","63"
"Market Lane Cafe","marketlanecafemanly@gmail.com","Café","Manly","0432 266 744","http://marketlanemanly.com","https://gustobolsa-chat.pages.dev/?restaurant=market-lane-cafe&table=1","66"
"Market St Garden Bar","info@shelbournehotel.com.au","","Centro citta' (CBD)","","https://www.shelbournehotel.com.au/bar-lounge-garden-photos","https://gustobolsa-chat.pages.dev/?restaurant=market-st-garden-bar&table=1","37"
"Marko's Restaurant","arthawut.l@australian.co.th","","Surry Hills e Darlinghurst","","https://markorestaurant.com.au/","https://gustobolsa-chat.pages.dev/?restaurant=marko-s-restaurant&table=1","42"
"Martinez Sydney","salut@martinez.sydney","Restaurant","Circular Quay e The Rocks","(02) 9072 9300","https://www.martinez.sydney","https://gustobolsa-chat.pages.dev/?restaurant=martinez-sydney&table=1","20"
"Masala Theory","info@masalatheory.com","Indian Restaurant","Bondi Beach","(02) 8971 7719","https://www.masalatheory.com","https://gustobolsa-chat.pages.dev/?restaurant=masala-theory&table=1","60"
"Matcha Ya","matchayasydney@gmail.com","japanese, matcha","Haymarket e Chinatown","","https://matchaya.com.au/","https://gustobolsa-chat.pages.dev/?restaurant=matcha-ya&table=1","24"
"Maydanoz","booking@maydanoz.com.au","Turkish Restaurant","Centro citta' (CBD)","(02) 9262 1760","https://www.maydanoz.com.au","https://gustobolsa-chat.pages.dev/?restaurant=maydanoz&table=1","126"
"Mecca Bah","dine@meccabah.sydney","Middle Eastern Restaurant","Centro citta' (CBD)","(02) 9290 3814","https://meccabah.sydney","https://gustobolsa-chat.pages.dev/?restaurant=mecca-bah&table=1","11"
"Medusa Greek Taverna","info@medusagreektaverna.com.au","Greek Restaurant","Centro citta' (CBD)","(02) 9267 0799","http://www.medusagreektaverna.com.au","https://gustobolsa-chat.pages.dev/?restaurant=medusa-greek-taverna&table=1","43"
"Mee So","info@meeso.com.au","Asian Restaurant","Surry Hills e Darlinghurst","(02) 7255 2100","https://meeso.com.au","https://gustobolsa-chat.pages.dev/?restaurant=mee-so&table=1","150"
"Meet Mica","info@meetmica.com.au","Café","Surry Hills e Darlinghurst","(02) 8018 7370","http://www.meetmica.com.au","https://gustobolsa-chat.pages.dev/?restaurant=meet-mica&table=1","32"
"Menya-City","city@menya.com.au","","Centro citta' (CBD)","+61 2 9267 4649","http://www.menya.com.au","https://gustobolsa-chat.pages.dev/?restaurant=menya-city&table=1","82"
"Menzies Bar","reservations@shellhouse.com.au","Bar","Centro citta' (CBD)","(02) 9158 4000","https://shellhouse.com.au/menzies-bar/","https://gustobolsa-chat.pages.dev/?restaurant=menzies-bar&table=1","10"
"Mestizo Bar and Latin Cuisine","manager@mestizo.com.au","Restaurant","Glebe","(02) 9660 2299","http://mestizo.com.au","https://gustobolsa-chat.pages.dev/?restaurant=mestizo-bar-and-latin-cuisine&table=1","82"
"Michael's","juleslevin@yahoo.com","breakfast, sandwich","Double Bay e Darling Point","+61 2 8964 9655","https://www.michaelsdb.com.au/","https://gustobolsa-chat.pages.dev/?restaurant=michael-s&table=1","74"
"Milk Flower","info@milkflowerdrinks.com.au","Bubble Tea Shop","Haymarket e Chinatown","0425 553 636","https://milkflowerdrinks.com.au","https://gustobolsa-chat.pages.dev/?restaurant=milk-flower&table=1","27"
"Milky Lane","headoffice@milkylane.co","Dessert Shop","Bondi Beach","(02) 9130 1336","https://milkylane.co/restaurants/bondi/","https://gustobolsa-chat.pages.dev/?restaurant=milky-lane&table=1","42"
"Miss Lilly’s Kitchen","orders@misslillys.com.au","Bakery","Newtown","(02) 9516 2411","https://misslillys.com.au","https://gustobolsa-chat.pages.dev/?restaurant=miss-lilly-s-kitchen&table=1","49"
"Missony","inquiry@missony.com.au","Middle Eastern Restaurant","Newtown","(02) 9550 1430","https://www.missony.com.au","https://gustobolsa-chat.pages.dev/?restaurant=missony&table=1","14"
"Moo Gourmet Burgers","manly@moogb.com.au\","Burger Joint","Manly","(02) 9976 0948","http://www.moogourmetburgers.com.au","https://gustobolsa-chat.pages.dev/?restaurant=moo-gourmet-burgers&table=1","70"
"Mordeo","info@mordeo.com.au","Modern European Restaurant","Centro citta' (CBD)","(02) 9232 1306","http://www.mordeo.com.au","https://gustobolsa-chat.pages.dev/?restaurant=mordeo&table=1","31"
"Morena Restaurant","info@morenasydney.com.au","South American Restaurant","Centro citta' (CBD)","(02) 6305 6820","https://www.morenarestaurant.com.au","https://gustobolsa-chat.pages.dev/?restaurant=morena-restaurant&table=1","14"
"Mother Chu's Vegetarian Kitchen","motherchusvegetarian@gmail.com","Vegan and Vegetarian Restaurant","Centro citta' (CBD)","(02) 9283 2828","http://www.motherchusvegetarian.com.au","https://gustobolsa-chat.pages.dev/?restaurant=mother-chu-s-vegetarian-kitchen&table=1","69"
"Mozart Coffee Lounge","dine@mozartqvb.com.au","Cafe, Coffee, and Tea House","Centro citta' (CBD)","(02) 9267 5746","http://www.mozartqvb.com.au","https://gustobolsa-chat.pages.dev/?restaurant=mozart-coffee-lounge&table=1","97"
"Mrs Jones","functions@orienthotel.au","Cocktail Bar","Circular Quay e The Rocks","(02) 9251 1255","http://www.mrsjonesbar.com.au","https://gustobolsa-chat.pages.dev/?restaurant=mrs-jones&table=1","36"
"MuMian Dining","hello@mumian.au","Chinese Restaurant","Centro citta' (CBD)","0405 660 999","http://www.mumian.au","https://gustobolsa-chat.pages.dev/?restaurant=mumian-dining&table=1","62"
"Munich Brauhaus","reservations@hunter-street.com.au","German Restaurant","Circular Quay e The Rocks","(02) 9259 5670","https://www.munichbrauhaus.com.au","https://gustobolsa-chat.pages.dev/?restaurant=munich-brauhaus&table=1","46"
"Muum Maam","barangarooinfo@muummaam.com.au","thai","Centro citta' (CBD)","+61 2 8252 0121","https://muummaam.com.au/","https://gustobolsa-chat.pages.dev/?restaurant=muum-maam&table=1","35"
"MV Bistro & Wine Bar","service@mva.wine","Wine Bar","Surry Hills e Darlinghurst","(02) 9357 3366","https://www.mv.wine","https://gustobolsa-chat.pages.dev/?restaurant=mv-bistro-wine-bar&table=1","27"
"Nakano Darling","info@nakanodarling.com.au","japanese","Haymarket e Chinatown","+61 2 8957 4301","https://nakanodarling.com.au/","https://gustobolsa-chat.pages.dev/?restaurant=nakano-darling&table=1","172"
"nel. restaurant","info@nelrestaurant.com.au","Australian Restaurant","Surry Hills e Darlinghurst","(02) 9212 2206","http://nelrestaurant.com.au","https://gustobolsa-chat.pages.dev/?restaurant=nel-restaurant&table=1","9"
"Neptune Palace Restaurant","info@neptunepalace.com.au","Chinese Restaurant","Circular Quay e The Rocks","(02) 9241 3338","http://www.neptunepalace.com.au","https://gustobolsa-chat.pages.dev/?restaurant=neptune-palace-restaurant&table=1","120"
"Neptune's Grotto","reservations@neptunesgrotto.com","Italian Restaurant","Circular Quay e The Rocks","(02) 9167 6667","https://neptunesgrotto.com","https://gustobolsa-chat.pages.dev/?restaurant=neptune-s-grotto&table=1","11"
"New Shanghai","reservations@newshanghai.com.au","Chinese Restaurant","Centro citta' (CBD)","(02) 8386 8368","https://www.newshanghai.com.au/westfield-sydney","https://gustobolsa-chat.pages.dev/?restaurant=new-shanghai&table=1","115"
"Next Door CBD Restaurant & Bar","contact@nextdoorcbd.com.au","","Centro citta' (CBD)","+61 400 707 067","https://www.nextdoorcbd.com.au/","https://gustobolsa-chat.pages.dev/?restaurant=next-door-cbd-restaurant-bar&table=1","34"
"Nick's Seafood Restaurant","restaurant@nicksseafoodrestaurant.com.au","Seafood Restaurant","Centro citta' (CBD)","1300 989 989","https://www.nicksgroup.com.au/venue/nicks-seafood-restaurant/","https://gustobolsa-chat.pages.dev/?restaurant=nick-s-seafood-restaurant&table=1","122"
"Nomad","eat@nomad.sydney","Australian Restaurant","Surry Hills e Darlinghurst","(02) 9280 3395","https://nomad.sydney","https://gustobolsa-chat.pages.dev/?restaurant=nomad&table=1","21"
"Nomidokoro Indigo","info@nomidokoroindigo.com.au","japanese","Surry Hills e Darlinghurst","","https://nomidokoroindigo.com.au","https://gustobolsa-chat.pages.dev/?restaurant=nomidokoro-indigo&table=1","61"
"Norma's Deli","catering@normasdeli.com","Deli","Manly","","http://normasdeli.com","https://gustobolsa-chat.pages.dev/?restaurant=norma-s-deli&table=1","40"
"North Indian Cuisine","131nic@gmail.com","North Indian Restaurant","Surry Hills e Darlinghurst","(02) 9360 7229","http://northindiancuisine.com.au","https://gustobolsa-chat.pages.dev/?restaurant=north-indian-cuisine&table=1","61"
"Nour","info@noursydney.com","arab, lebanese","Surry Hills e Darlinghurst","+61 2 9331 3413","https://noursydney.com/","https://gustobolsa-chat.pages.dev/?restaurant=nour&table=1","23"
"Nth Degree Cafe","nthdegreecafe@gmail.com","Restaurant","Centro citta' (CBD)","(02) 9267 1230","https://nthdegreecafe.com.au","https://gustobolsa-chat.pages.dev/?restaurant=nth-degree-cafe&table=1","58"
"Ogalo","info@ogalo.com.au","Burger Joint","Surry Hills e Darlinghurst","(02) 9356 8488","http://www.ogalo.com.au","https://gustobolsa-chat.pages.dev/?restaurant=ogalo&table=1","175"
"Old Mates Place","seeyou@oldmates.sydney","","Centro citta' (CBD)","","https://oldmates.sydney/","https://gustobolsa-chat.pages.dev/?restaurant=old-mates-place&table=1","15"
"Orient Hotel","contact@orienthotel.au","","Circular Quay e The Rocks","","https://www.orienthotel.com.au/","https://gustobolsa-chat.pages.dev/?restaurant=orient-hotel&table=1","26"
"Osteria Luna","ciao@osterialuna.sydney","Italian Restaurant","Centro citta' (CBD)","","https://osterialuna.sydney","https://gustobolsa-chat.pages.dev/?restaurant=osteria-luna&table=1","27"
"Otto Ristorante","reservations@ottoristorante.com.au","italian, seafood","Potts Point e Kings Cross","","https://ottoristorante.com.au/sydney/","https://gustobolsa-chat.pages.dev/?restaurant=otto-ristorante&table=1","67"
"Ottoman Cuisine","info@ottomancuisine.com.au","Restaurant","Circular Quay e The Rocks","(02) 9252 0054","http://www.ottomancuisine.com.au","https://gustobolsa-chat.pages.dev/?restaurant=ottoman-cuisine&table=1","21"
"Ouzo Bar & Dining","hello@ouzobardining.com.au","Restaurant","Surry Hills e Darlinghurst","0417 957 836","https://www.ouzobardining.com.au","https://gustobolsa-chat.pages.dev/?restaurant=ouzo-bar-dining&table=1","23"
"P J O'Brien's Irish Pub","melbourne@pjobriens.com.au","Irish Pub","Centro citta' (CBD)","(02) 9290 1811","http://www.pjobriens.com.au","https://gustobolsa-chat.pages.dev/?restaurant=p-j-o-brien-s-irish-pub&table=1","123"
"P'Nut Asian Kitchen","info@pnut.com.au","Asian Restaurant","Circular Quay e The Rocks","(02) 9247 8554","https://www.pnut.com.au/restaurant-locations/sydney/the-rocks","https://gustobolsa-chat.pages.dev/?restaurant=p-nut-asian-kitchen&table=1","35"
"Pappy's Bar","info@pappysbar.com","","Centro citta' (CBD)","","https://pappysbar.com/","https://gustobolsa-chat.pages.dev/?restaurant=pappy-s-bar&table=1","25"
"Paragon Hotel","functions@paragonhotel.au","Pub","Circular Quay e The Rocks","(02) 9241 3522","http://www.hotelparagon.com.au","https://gustobolsa-chat.pages.dev/?restaurant=paragon-hotel&table=1","20"
"Paramount Coffee Project","hello@paramountcoffeeproject.com.au","","Surry Hills e Darlinghurst","","https://www.paramountcoffeeproject.com.au/","https://gustobolsa-chat.pages.dev/?restaurant=paramount-coffee-project&table=1","65"
"Paski Vineria Popolare","ciao@paski.com.au","Wine Bar","Surry Hills e Darlinghurst","0430 600 239","http://www.paski.com.au","https://gustobolsa-chat.pages.dev/?restaurant=paski-vineria-popolare&table=1","20"
"Pasta Emilia","orders@emilia.com.au","Italian Restaurant","Surry Hills e Darlinghurst","(02) 9212 1069","https://emilia.com.au/home","https://gustobolsa-chat.pages.dev/?restaurant=pasta-emilia&table=1","22"
"Pearl Dining","enquiries@pearldining.com.au","Chinese Restaurant","Circular Quay e The Rocks","(02) 7227 6293","https://www.pearldining.com.au","https://gustobolsa-chat.pages.dev/?restaurant=pearl-dining&table=1","40"
"Peats Bite","reservations@peatsbite.com.au","Restaurant","Newtown","(02) 9985 9040","http://www.peatsbite.com.au","https://gustobolsa-chat.pages.dev/?restaurant=peats-bite&table=1","14"
"Pelicano","bookings@pelicano.com.au","Cocktail Bar","Double Bay e Darling Point","(02) 8021 4050","http://pelicano.com.au/restaurant/","https://gustobolsa-chat.pages.dev/?restaurant=pelicano&table=1","9"
"Pendolino","info@pendolino.com.au","italian","Centro citta' (CBD)","","https://www.pendolino.com.au/","https://gustobolsa-chat.pages.dev/?restaurant=pendolino&table=1","32"
"Penny’s","info@pennyshotel.com.au","","Surry Hills e Darlinghurst","","https://pennyshotel.com.au","https://gustobolsa-chat.pages.dev/?restaurant=penny-s&table=1","41"
"Pieno","pienocafe@gmail.com","","Surry Hills e Darlinghurst","","https://www.pieno.com.au","https://gustobolsa-chat.pages.dev/?restaurant=pieno&table=1","34"
"Pinky Ji","helloji@pinkyji.com.au","Indian Restaurant","Centro citta' (CBD)","(02) 9188 8848","https://www.pinkyji.com.au","https://gustobolsa-chat.pages.dev/?restaurant=pinky-ji&table=1","120"
"Pizza Da Noi","pizzadanoi.glebe@gmail.com.au","Pizzeria","Glebe","(02) 9552 3995","http://www.pizzadanoi.com.au","https://gustobolsa-chat.pages.dev/?restaurant=pizza-da-noi&table=1","123"
"Pizze Baby","pizzebaby@gmail.com","Pizzeria","Glebe","(02) 9566 4306","http://pizzebaby.com","https://gustobolsa-chat.pages.dev/?restaurant=pizze-baby&table=1","47"
"Planar","info@planarrestaurant.com.au","Australian Restaurant","Centro citta' (CBD)","(02) 9212 6789","https://www.planarrestaurant.com.au","https://gustobolsa-chat.pages.dev/?restaurant=planar&table=1","43"
"Pocket Bondi","bookings@pocketbondi.com","","Bondi Beach","","https://pocketbondi.com/","https://gustobolsa-chat.pages.dev/?restaurant=pocket-bondi&table=1","19"
"Pokéd","contact@poked.com.au","Poke Restaurant","Centro citta' (CBD)","(02) 9247 2821","http://www.poked.com.au","https://gustobolsa-chat.pages.dev/?restaurant=poked&table=1","25"
"Poly","info@polysurryhills.com.au","Wine Bar","Surry Hills e Darlinghurst","(02) 8860 0808","http://polysurryhills.com.au","https://gustobolsa-chat.pages.dev/?restaurant=poly&table=1","25"
"Pompei's","jeorpompeis@bigpond.com.au","Pizzeria","Bondi Beach","(02) 9365 1233","http://pompeis.com.au","https://gustobolsa-chat.pages.dev/?restaurant=pompei-s&table=1","51"
"Pony dining","reservations.therocks@ponydining.com.au","","Circular Quay e The Rocks","","https://www.ponydining.com.au/","https://gustobolsa-chat.pages.dev/?restaurant=pony-dining&table=1","38"
"Pony Lounge & Dining","reservations.therocks@ponydining.com.au","Australian Restaurant","Circular Quay e The Rocks","(02) 9252 7797","http://www.ponydiningtherocks.com","https://gustobolsa-chat.pages.dev/?restaurant=pony-lounge-dining&table=1","38"
"Porcellino","info@porcellino.com.au","","Centro citta' (CBD)","+61 2 8320 6163","https://www.porcellino.com.au/","https://gustobolsa-chat.pages.dev/?restaurant=porcellino&table=1","48"
"Porkfat","hello@porkfat.com.au","Thai Restaurant","Haymarket e Chinatown","0478 565 691","https://www.porkfat.com.au","https://gustobolsa-chat.pages.dev/?restaurant=porkfat&table=1","14"
"Primi Italian","info@primiitalian.com.au","italian","Centro citta' (CBD)","","https://primiitalian.com.au/","https://gustobolsa-chat.pages.dev/?restaurant=primi-italian&table=1","22"
"Pumphouse Sydney","events-sydney@rockfordhotels.com.au","Bar","Haymarket e Chinatown","(02) 8217 4100","https://pumphouse-sydney.com.au","https://gustobolsa-chat.pages.dev/?restaurant=pumphouse-sydney&table=1","38"
"Pyrmont Point Hotel","info@pyrmontpoint.com.au","Pub","Pyrmont","(02) 9660 1908","http://www.pyrmontpoint.com.au","https://gustobolsa-chat.pages.dev/?restaurant=pyrmont-point-hotel&table=1","21"
"Quartier Sydney","h8764@accor.com","Breakfast Spot","Circular Quay e The Rocks","(02) 9240 6000","https://www.thesebelquaywestsydney.com.au/dining.html","https://gustobolsa-chat.pages.dev/?restaurant=quartier-sydney&table=1","12"
"Quick Brown Fox Eatery","info@quickbrownfoxeatery.com.au","Café","Pyrmont","0435 836 960","http://www.quickbrownfoxeatery.com.au","https://gustobolsa-chat.pages.dev/?restaurant=quick-brown-fox-eatery&table=1","82"
"Raes on Wategos","info@raes.com.au","Restaurant","Centro citta' (CBD)","(02) 6685 5366","https://raes.com.au","https://gustobolsa-chat.pages.dev/?restaurant=raes-on-wategos&table=1","23"
"Ragazzi","tilly@lovetillydevine.com","Italian Restaurant","Centro citta' (CBD)","(02) 8964 3062","http://www.ragazziwineandpasta.com","https://gustobolsa-chat.pages.dev/?restaurant=ragazzi&table=1","10"
"Ragu Pasta & Wine Bar","info@ragu.com.au","Italian Restaurant","Centro citta' (CBD)","0415 574 343","http://www.ragu.com.au","https://gustobolsa-chat.pages.dev/?restaurant=ragu-pasta-wine-bar&table=1","41"
"Red Hot Cafe","redlemonthai@gmail.com","Burger Joint","Haymarket e Chinatown","6192127306","https://www.redlemonthai.com.au","https://gustobolsa-chat.pages.dev/?restaurant=red-hot-cafe&table=1","49"
"Redleaf Cafe","info@mysite.com","","Double Bay e Darling Point","+61 434 258 232","https://www.theredleafcafe.com.au/","https://gustobolsa-chat.pages.dev/?restaurant=redleaf-cafe&table=1","42"
"Regiment","regiment2022@hotmail.com","Café","Centro citta' (CBD)","(02) 9299 4001","http://regimentcbd.com.au","https://gustobolsa-chat.pages.dev/?restaurant=regiment&table=1","13"
"Relish Food Co","info@relishfoodco.com.au","Café","Surry Hills e Darlinghurst","(02) 9281 4362","http://www.relishfoodco.com.au","https://gustobolsa-chat.pages.dev/?restaurant=relish-food-co&table=1","38"
"Restaurant Moon","hi@restaurantmoon.com.au","Thai Restaurant","Surry Hills e Darlinghurst","0455 731 346","http://www.restaurantmoon.com.au","https://gustobolsa-chat.pages.dev/?restaurant=restaurant-moon&table=1","21"
"Rising Sun Workshop","info@risingsunworkshop.com","ramen","Newtown","","https://www.risingsunworkshop.com/","https://gustobolsa-chat.pages.dev/?restaurant=rising-sun-workshop&table=1","34"
"RK San Japanese Restaurant","info@rksan.com.au","Japanese Restaurant","Surry Hills e Darlinghurst","(02) 8960 3131","https://rksan.com.au","https://gustobolsa-chat.pages.dev/?restaurant=rk-san-japanese-restaurant&table=1","81"
"Rockpool Bar & Grill Sydney","reservations@hunter-street.com.au","Steakhouse","Centro citta' (CBD)","(02) 8099 7077","https://rockpoolbarandgrill.com.au","https://gustobolsa-chat.pages.dev/?restaurant=rockpool-bar-grill-sydney&table=1","17"
"Rollers Bakehouse","highroller@rollersbakehouse.com","Bakery","Manly","0439 489 433","https://www.rollersbakehouse.com","https://gustobolsa-chat.pages.dev/?restaurant=rollers-bakehouse&table=1","16"
"Rosie Campbell's","hello@rosiecampbells.com","Caribbean Restaurant","Surry Hills e Darlinghurst","(02) 7209 5469","https://www.rosiecampbells.com","https://gustobolsa-chat.pages.dev/?restaurant=rosie-campbell-s&table=1","8"
"Roy's Cafe","askup@wakeup.com.au","Restaurant","Haymarket e Chinatown","(02) 9288 7888","https://royscafe.com.au","https://gustobolsa-chat.pages.dev/?restaurant=roy-s-cafe&table=1","24"
"Royal Albert Hotel","info@royalalberthotel.com.au","Pub","Surry Hills e Darlinghurst","(02) 9281 2522","http://www.royalalberthotel.com.au","https://gustobolsa-chat.pages.dev/?restaurant=royal-albert-hotel&table=1","25"
"Royal Oak Hotel","bookings@royaloakdoublebay.com.au","","Double Bay e Darling Point","+61 2 9363 3935","https://www.royaloakdoublebay.com.au/","https://gustobolsa-chat.pages.dev/?restaurant=royal-oak-hotel&table=1","33"
"Ruma","bookings@rumadining.com.au","","Double Bay e Darling Point","","https://rumadining.com.au/","https://gustobolsa-chat.pages.dev/?restaurant=ruma&table=1","25"
"Rutland Street Sandwiches","info@rutlandstsandwiches.com","Sandwich Spot","Surry Hills e Darlinghurst","(02) 8394 9234","http://www.rutlandstsandwiches.com","https://gustobolsa-chat.pages.dev/?restaurant=rutland-street-sandwiches&table=1","36"
"Ryan's Bar","bookings@ryansbar.com.au","","Centro citta' (CBD)","","https://www.ryansbar.com.au","https://gustobolsa-chat.pages.dev/?restaurant=ryan-s-bar&table=1","24"
"S’wich","hello@eatswich.com.au","Sandwich Spot","Bondi Beach","","https://eatswich.com.au","https://gustobolsa-chat.pages.dev/?restaurant=s-wich&table=1","28"
"Sal’s Pizza","getintouch@salspizza.com.au","Pizzeria","Surry Hills e Darlinghurst","","https://www.salspizza.com.au","https://gustobolsa-chat.pages.dev/?restaurant=sal-s-pizza&table=1","20"
"Salty’s","info@saltysbondi.com.au","Cocktail Bar","Bondi Beach","(02) 9288 7889","https://saltysbondi.com.au","https://gustobolsa-chat.pages.dev/?restaurant=salty-s&table=1","58"
"Sana Mediterranean","info@sanamediterranean.com.au","Mediterranean Restaurant","Centro citta' (CBD)","","https://sanamediterranean.com.au","https://gustobolsa-chat.pages.dev/?restaurant=sana-mediterranean&table=1","20"
"SÁNG by MABASA","sangbymabasa@gmail.com","Korean Restaurant","Surry Hills e Darlinghurst","(02) 9331 5175","https://www.sangbymabasa.com.au","https://gustobolsa-chat.pages.dev/?restaurant=sang-by-mabasa&table=1","17"
"Santa Catarina","info@santacatarina.com.au","Mexican Restaurant","Centro citta' (CBD)","(02) 8319 3042","https://santacatarina.com.au","https://gustobolsa-chat.pages.dev/?restaurant=santa-catarina&table=1","84"
"Sax","management@sax.sydney","","Centro citta' (CBD)","+61 410 855 364","https://sax.sydney/","https://gustobolsa-chat.pages.dev/?restaurant=sax&table=1","13"
"Scramble & Bean","scrambleandbean@gmail.com","breakfast, coffee_shop","Potts Point e Kings Cross","+61 402 711 693","https://scrambleandbean.com","https://gustobolsa-chat.pages.dev/?restaurant=scramble-bean&table=1","31"
"Sean's Panaroma","service@seansbondi.com","Australian Restaurant","Bondi Beach","(02) 9365 4924","https://seansbondi.com","https://gustobolsa-chat.pages.dev/?restaurant=sean-s-panaroma&table=1","93"
"Searock Grill","info@searock.com.au","steak_house, seafood","Circular Quay e The Rocks","","https://searock.com.au/","https://gustobolsa-chat.pages.dev/?restaurant=searock-grill&table=1","24"
"Seaside Thai Gourmet","seasidethaigourmet@gmail.com","Thai Restaurant","Manly","(02) 8056 7903","http://seasidethaigourmet.com.au","https://gustobolsa-chat.pages.dev/?restaurant=seaside-thai-gourmet&table=1","39"
"Sefa","dine@sefakitchen.com.au","Middle Eastern Restaurant","Bondi Beach","(02) 8068 6461","http://www.sefakitchen.com.au","https://gustobolsa-chat.pages.dev/?restaurant=sefa&table=1","23"
"Sette Posta Espresso Eatery Bar","catering@setteposta.com.au","Café","Surry Hills e Darlinghurst","0410 686 886","http://www.setteposta.com.au","https://gustobolsa-chat.pages.dev/?restaurant=sette-posta-espresso-eatery-bar&table=1","8"
"Shaffa","bookings@shaffa.com.au","Middle Eastern Restaurant","Surry Hills e Darlinghurst","0451 810 480","http://www.shaffa.com.au","https://gustobolsa-chat.pages.dev/?restaurant=shaffa&table=1","16"
"Shalom Indonesian Restaurant","admin@shalomrestaurant.com.au","Indonesian Restaurant","Centro citta' (CBD)","(02) 9264 1144","http://www.shalomrestaurant.com.au","https://gustobolsa-chat.pages.dev/?restaurant=shalom-indonesian-restaurant&table=1","15"
"Shift Eatery","info@shifteatery.com.au","","Surry Hills e Darlinghurst","","https://www.shifteatery.com.au/","https://gustobolsa-chat.pages.dev/?restaurant=shift-eatery&table=1","16"
"ShishaEspresso","info@tasteofturkey.com.au","Cafe, Coffee, and Tea House","Newtown","(02) 9565 5000","http://www.shishaespresso.com.au","https://gustobolsa-chat.pages.dev/?restaurant=shishaespresso&table=1","32"
"Shore Beach Club","trent@shorebeachclub.com.au","Beach Bar","Manly","0416 474 494","https://shorebeachhouse.com.au/shore-beach-club","https://gustobolsa-chat.pages.dev/?restaurant=shore-beach-club&table=1","16"
"Shuk","events@shuk.com.au","arab, breakfast, mediterranean","Potts Point e Kings Cross","+61 413 236 712","https://www.shuk.com.au/","https://gustobolsa-chat.pages.dev/?restaurant=shuk&table=1","48"
"Shuk Cafe","events@shuk.com.au","mediterranean","Bondi Beach","+61 423 199 859","https://www.shukbondi.com","https://gustobolsa-chat.pages.dev/?restaurant=shuk-cafe&table=1","48"
"Sidebar","hello@sidebarsydney.com.au","","Haymarket e Chinatown","+61 2 9288 7888","https://sidebarsydney.com.au/","https://gustobolsa-chat.pages.dev/?restaurant=sidebar&table=1","12"
"Sienna Marina","info@siennamarina.com.au","italian","Potts Point e Kings Cross","+61 2 9358 6299","https://siennamarina.com.au/","https://gustobolsa-chat.pages.dev/?restaurant=sienna-marina&table=1","99"
"Silvester's","bookings@silvesters.com.au","Australian Restaurant","Circular Quay e The Rocks","(02) 9259 7330","http://www.silvesters.com.au","https://gustobolsa-chat.pages.dev/?restaurant=silvester-s&table=1","26"
"Since I Left You","info@sinceileftyou.com.au","","Centro citta' (CBD)","+61 2 9262 4986","https://www.sinceileftyou.com.au/","https://gustobolsa-chat.pages.dev/?restaurant=since-i-left-you&table=1","60"
"Sketch Manly","hello@sketchmanly.com","Indian Restaurant","Manly","0455 025 670","http://sketchmanly.com","https://gustobolsa-chat.pages.dev/?restaurant=sketch-manly&table=1","59"
"SkyFeast","reservations@skyfeastsydneytower.com.au","","Centro citta' (CBD)","","https://skyfeastsydneytower.com.au/","https://gustobolsa-chat.pages.dev/?restaurant=skyfeast&table=1","25"
"Society Pizza Bar","info@societypizzeria.com.au","Pizzeria","Bondi Beach","(02) 9130 7359","https://www.societypizzeria.com.au","https://gustobolsa-chat.pages.dev/?restaurant=society-pizza-bar&table=1","50"
"Solander Dining and Bar","westhotelsales@hilton.com","international","Centro citta' (CBD)","+61 2 8297 6016","https://www.solanderdiningandbar.com.au","https://gustobolsa-chat.pages.dev/?restaurant=solander-dining-and-bar&table=1","10"
"Solrise café","hi@solrisecafe.com.au","Café","Pyrmont","","http://solrisecafe.com.au","https://gustobolsa-chat.pages.dev/?restaurant=solrise-cafe&table=1","66"
"Soul Brew","info@soulbrewcafe.com.au","Café","Newtown","0434 284 263","https://www.soulbrewcafe.com.au","https://gustobolsa-chat.pages.dev/?restaurant=soul-brew&table=1","64"
"Soul Burger","feedback@soulburger.com.au","Burger Joint","Glebe","(02) 7226 5180","http://www.soulburger.com.au","https://gustobolsa-chat.pages.dev/?restaurant=soul-burger&table=1","27"
"South Coffee & Food","southcoffeefood@optusnet.com.au","Coffee Shop","Centro citta' (CBD)","(02) 9290 3904","http://www.southcoffeefood.com.au","https://gustobolsa-chat.pages.dev/?restaurant=south-coffee-food&table=1","8"
"South Dowling Sandwiches","darlo@southdowling.com.au","","Darling Harbour e Barangaroo","+61 2 9241 1941","https://www.southdowling.com.au/","https://gustobolsa-chat.pages.dev/?restaurant=south-dowling-sandwiches&table=1","34"
"Southside Charmers","southside.charmers@gmail.com","Café","Surry Hills e Darlinghurst","0466 413 203","https://southsidecharmers.wixsite.com/redfern","https://gustobolsa-chat.pages.dev/?restaurant=southside-charmers&table=1","17"
"Spice I Am","info@spiceiam.com","thai","Surry Hills e Darlinghurst","+61 2 9280 0928","https://www.spiceiam.com/","https://gustobolsa-chat.pages.dev/?restaurant=spice-i-am&table=1","93"
"Spice Temple Sydney","reservations@hunter-street.com.au","Chinese Restaurant","Centro citta' (CBD)","(02) 8078 1888","http://www.spicetemple.com.au","https://gustobolsa-chat.pages.dev/?restaurant=spice-temple-sydney&table=1","43"
"Stanley's","nils@stanleys.sydney","Bar","Surry Hills e Darlinghurst","0434 219 599","https://www.stanleys.sydney","https://gustobolsa-chat.pages.dev/?restaurant=stanley-s&table=1","21"
"Starbucks","info@starbucks.com","coffee_shop","Circular Quay e The Rocks","","https://www.starbucks.com.au/store/starbucks-the-rocks/","https://gustobolsa-chat.pages.dev/?restaurant=starbucks&table=1","41"
"STEKI Taverna","steki.enmore@gmail.com","greek","Newtown","+61 401 216 757","https://www.stekitaverna.com/","https://gustobolsa-chat.pages.dev/?restaurant=steki-taverna&table=1","34"
"Suburgia","info@suburgia.com.au","Burger Joint","Surry Hills e Darlinghurst","0466 684 108","http://www.suburgia.com.au","https://gustobolsa-chat.pages.dev/?restaurant=suburgia&table=1","37"
"Suminoya Japanese Restaurant","info@suminoya.com.au","japanese","Centro citta' (CBD)","+61 2 9231 2177","https://www.suminoya.com.au/","https://gustobolsa-chat.pages.dev/?restaurant=suminoya-japanese-restaurant&table=1","12"
"Sunset Sabi","goodtimes@sunsetsabi.com","Japanese Restaurant","Manly","(02) 9977 7461","http://www.sunsetsabi.com","https://gustobolsa-chat.pages.dev/?restaurant=sunset-sabi&table=1","30"
"Surly's American Tavern","info@surlys.com.au","","Surry Hills e Darlinghurst","","https://www.surlys.com.au/","https://gustobolsa-chat.pages.dev/?restaurant=surly-s-american-tavern&table=1","109"
"Surry Hills Hotel","surryhills@surfsidehotels.com","Pub","Surry Hills e Darlinghurst","(02) 9211 6888","https://www.surryhillshotel.com.au","https://gustobolsa-chat.pages.dev/?restaurant=surry-hills-hotel&table=1","63"
"Sushi Hon","westfieldsydney@sushihon.com.au","Sushi Restaurant","Glebe","(02) 9211 5055","http://sushihon.com.au","https://gustobolsa-chat.pages.dev/?restaurant=sushi-hon&table=1","41"
"Sushia Izakaya and Bar","20bond@sushia.com.au","Japanese Restaurant","Centro citta' (CBD)","(02) 9247 9911","http://www.sushia.com.au","https://gustobolsa-chat.pages.dev/?restaurant=sushia-izakaya-and-bar&table=1","44"
"Sweethearts Rooftop","info@sweetheartsbbq.com.au","Bar","Potts Point e Kings Cross","(02) 9368 7333","http://sweetheartsrooftop.com.au","https://gustobolsa-chat.pages.dev/?restaurant=sweethearts-rooftop&table=1","23"
"Tan Viet Noodle House","info@tanviet.com.au","Vietnamese Restaurant","Haymarket e Chinatown","(02) 9169 8806","https://tanviet.com.au","https://gustobolsa-chat.pages.dev/?restaurant=tan-viet-noodle-house&table=1","25"
"Tapavino","manager@tapavino.com.au","Tapas Restaurant","Circular Quay e The Rocks","(02) 9247 3221","http://www.tapavino.com.au","https://gustobolsa-chat.pages.dev/?restaurant=tapavino&table=1","10"
"Taste of Turkey","info@tasteofturkey.com.au","Turkish Restaurant","Newtown","(02) 9565 5000","http://www.tasteofturkey.com.au","https://gustobolsa-chat.pages.dev/?restaurant=taste-of-turkey&table=1","57"
"Thai Power","admin@localforyou.com","thai","Potts Point e Kings Cross","","https://www.thaipowerpottspoint.com.au/","https://gustobolsa-chat.pages.dev/?restaurant=thai-power&table=1","83"
"The Apollo","enquiries@theapollo.com.au","greek","Potts Point e Kings Cross","+61 2 8354 0888","https://www.theapollo.com.au/","https://gustobolsa-chat.pages.dev/?restaurant=the-apollo&table=1","47"
"The Balkan Butler","allo@balkanbutler.com","Eastern European Restaurant","Surry Hills e Darlinghurst","(02) 8084 1514","https://www.balkanbutler.com","https://gustobolsa-chat.pages.dev/?restaurant=the-balkan-butler&table=1","28"
"The Barber Shop","hello@thisisthebarbershop.com","Speakeasy","Centro citta' (CBD)","(02) 9299 9699","http://thisisthebarbershop.com","https://gustobolsa-chat.pages.dev/?restaurant=the-barber-shop&table=1","23"
"The Beekeeper Bondi","info@thebeekeeperbondi.com","Pub","Bondi Beach","(02) 8395 0850","https://www.thebeekeeperbondi.com","https://gustobolsa-chat.pages.dev/?restaurant=the-beekeeper-bondi&table=1","93"
"The Bower Manly","bookings.thebowermanly@gmail.com","coffee_shop, burger, breakfast","Manly","+61 451 343 339","https://www.thebowermanly.com.au/","https://gustobolsa-chat.pages.dev/?restaurant=the-bower-manly&table=1","72"
"The Bowls","thebowlsandco@gmail.com","japanese","Potts Point e Kings Cross","","https://www.thebowlseatery.com","https://gustobolsa-chat.pages.dev/?restaurant=the-bowls&table=1","47"
"The Butler","book@butlersydney.com.au","contemporary","Potts Point e Kings Cross","+61 2 8376 1870","https://butlersydney.com.au/","https://gustobolsa-chat.pages.dev/?restaurant=the-butler&table=1","9"
"The Century Bar","manager@thecenturybar.com.au","Bar","Haymarket e Chinatown","(02) 7901 8555","http://www.thecenturybar.com.au","https://gustobolsa-chat.pages.dev/?restaurant=the-century-bar&table=1","29"
"The Colonial British Indian Cuisine Darlinghurst","heena@eatapp.net.au","Indian Restaurant","Surry Hills e Darlinghurst","(02) 9332 1336","https://www.thecolonialrestaurant.com.au/darlinghurst","https://gustobolsa-chat.pages.dev/?restaurant=the-colonial-british-indian-cuisine-darl&table=1","56"
"The Corner House","bookings@thecornerhouse.com.au","Italian Restaurant","Bondi Beach","(02) 9365 2696","http://www.thecornerhouse.com.au","https://gustobolsa-chat.pages.dev/?restaurant=the-corner-house&table=1","78"
"The Cumberland","bookings@cumberlandmanly.com.au","Bar","Manly","(02) 9058 2877","https://www.cumberlandmanly.com.au","https://gustobolsa-chat.pages.dev/?restaurant=the-cumberland&table=1","34"
"The Cut Bar & Grill","reservations@hunter-street.com.au","Steakhouse","Circular Quay e The Rocks","(02) 9259 5695","http://www.cutbarandgrill.com/","https://gustobolsa-chat.pages.dev/?restaurant=the-cut-bar-grill&table=1","16"
"The Dolphin Hotel","info@dolphinhotel.com.au","","Surry Hills e Darlinghurst","","https://dolphinhotel.com.au/","https://gustobolsa-chat.pages.dev/?restaurant=the-dolphin-hotel&table=1","45"
"The Doss House","info@thedosshouse.com.au","Speakeasy","Circular Quay e The Rocks","0450 196 477","http://www.thedosshouse.com.au","https://gustobolsa-chat.pages.dev/?restaurant=the-doss-house&table=1","72"
"The Drunk Dumpling","noah.lu@yahoo.com.au","Dumpling Restaurant","Newtown","0410 092 218","http://www.thedrunkdumpling.com.au","https://gustobolsa-chat.pages.dev/?restaurant=the-drunk-dumpling&table=1","78"
"The Duke of Clarence","contact@thedukeofclarence.com","british","Centro citta' (CBD)","+61 2 8999 3850","https://thedukeofclarence.com/","https://gustobolsa-chat.pages.dev/?restaurant=the-duke-of-clarence&table=1","34"
"The Dunkirk","info@thedunkirk.com.au","","Pyrmont","+61 2 9660 1038","https://www.thedunkirk.com.au/","https://gustobolsa-chat.pages.dev/?restaurant=the-dunkirk&table=1","15"
"The Espy","events@theboathousegroup.com.au","","Manly","","https://www.manly-pavilion.com.au/the-espy","https://gustobolsa-chat.pages.dev/?restaurant=the-espy&table=1","25"
"The Fenwick","reservations@thefenwick.com.au","Australian Restaurant","Darling Harbour e Barangaroo","(02) 9159 4700","https://www.thefenwick.com.au","https://gustobolsa-chat.pages.dev/?restaurant=the-fenwick&table=1","28"
"The Fine Food Store","hey@finefoodstore.com","","Circular Quay e The Rocks","","https://www.finefoodstore.com","https://gustobolsa-chat.pages.dev/?restaurant=the-fine-food-store&table=1","9"
"The Flynn","info@theflynn.com.au","Bar","Centro citta' (CBD)","(02) 9223 0037","http://www.theflynn.com.au","https://gustobolsa-chat.pages.dev/?restaurant=the-flynn&table=1","75"
"The Forresters","book@forresters.com.au","Pub","Surry Hills e Darlinghurst","(02) 9211 2095","http://www.forresters.com.au","https://gustobolsa-chat.pages.dev/?restaurant=the-forresters&table=1","8"
"The Gallery","dining.sydney@sheraton.com","Tea Room","Centro citta' (CBD)","(02) 9286 6000","https://www.galleryonthepark.com.au","https://gustobolsa-chat.pages.dev/?restaurant=the-gallery&table=1","14"
"The Glenmore","info@theglenmore.com.au","","Circular Quay e The Rocks","","https://theglenmore.com.au","https://gustobolsa-chat.pages.dev/?restaurant=the-glenmore&table=1","67"
"The Golden Barley Hotel","goldenbarley@swistdsl.com.au","","Newtown","+61 2 9565 1166","https://www.goldenbarleyhotel.com.au/","https://gustobolsa-chat.pages.dev/?restaurant=the-golden-barley-hotel&table=1","94"
"The Grand Pavilion","contact@tgpeb.com.au","Indian Restaurant","Centro citta' (CBD)","(02) 9241 4615","https://thegrandpavilion.com.au","https://gustobolsa-chat.pages.dev/?restaurant=the-grand-pavilion&table=1","95"
"The Herring Room","info@theherringroom.com.au","Seafood Restaurant","Manly","(02) 9977 2572","http://www.theherringroom.com.au","https://gustobolsa-chat.pages.dev/?restaurant=the-herring-room&table=1","20"
"The Hive Bar","manager@thehivebar.com.au","","Newtown","+61 2 9519 9911","http://www.thehivebar.com.au/","https://gustobolsa-chat.pages.dev/?restaurant=the-hive-bar&table=1","13"
"The Hold","events@sagagroup.com.au","Bar","Manly","(02) 9977 2009","http://thehold.com.au","https://gustobolsa-chat.pages.dev/?restaurant=the-hold&table=1","9"
"The Italian Bowl","theitalianbowl@optusnet.com.au","Italian Restaurant","Newtown","(02) 9516 0857","https://theitalianbowl.com.au","https://gustobolsa-chat.pages.dev/?restaurant=the-italian-bowl&table=1","68"
"The Little Snail","restaurant@thelittlesnail.com.au","french","Darling Harbour e Barangaroo","+61 2 9212 7512","https://thelittlesnail.com.au","https://gustobolsa-chat.pages.dev/?restaurant=the-little-snail&table=1","26"
"The Lookout","hello@lookoutcafe.com.au","Café","Potts Point e Kings Cross","0415 945 651","http://lookoutcafe.com.au","https://gustobolsa-chat.pages.dev/?restaurant=the-lookout&table=1","29"
"The Malaya","samala@themalaya.com.au","Malay Restaurant","Centro citta' (CBD)","(02) 9279 1170","http://www.themalaya.com.au","https://gustobolsa-chat.pages.dev/?restaurant=the-malaya&table=1","48"
"The Navy Bear","info@birdandbear.com.au","breakfast","Double Bay e Darling Point","+61 478 320 408","https://www.birdandbear.com.au/navy-bear","https://gustobolsa-chat.pages.dev/?restaurant=the-navy-bear&table=1","35"
"The Nine","info@theninesydney.com.au","Café","Bondi Beach","0493 276 795","http://theninesydney.com.au","https://gustobolsa-chat.pages.dev/?restaurant=the-nine&table=1","33"
"The Ox","info@theox.com.au","Bar","Surry Hills e Darlinghurst","0415 613 596","http://theox.com.au","https://gustobolsa-chat.pages.dev/?restaurant=the-ox&table=1","54"
"The Rooftop Sydney","info@shelbournehotel.com.au","Wine Bar","Centro citta' (CBD)","(02) 9267 3100","http://therooftop.com.au","https://gustobolsa-chat.pages.dev/?restaurant=the-rooftop-sydney&table=1","37"
"The Roosevelt","bookings@theroosevelt.com.au","","Potts Point e Kings Cross","","https://www.theroosevelt.com.au/","https://gustobolsa-chat.pages.dev/?restaurant=the-roosevelt&table=1","21"
"The Rose Hotel","hello@therosehotel.com.au","","Glebe","+61 2 9318 1133","https://www.therosehotel.com.au/","https://gustobolsa-chat.pages.dev/?restaurant=the-rose-hotel&table=1","32"
"The Ship Inn","info@shipinn.au","Bar","Circular Quay e The Rocks","(02) 9241 2433","https://www.shipinn.com.au","https://gustobolsa-chat.pages.dev/?restaurant=the-ship-inn&table=1","29"
"The Soda Factory","hello@sodafactory.com.au","Cocktail Bar","Surry Hills e Darlinghurst","(02) 9064 5808","https://www.sodafactory.com.au","https://gustobolsa-chat.pages.dev/?restaurant=the-soda-factory&table=1","71"
"The Spice Room","info@thespiceroom.com.au","indian","Circular Quay e The Rocks","+61 2 9251 9990","https://thespiceroom.com.au/","https://gustobolsa-chat.pages.dev/?restaurant=the-spice-room&table=1","57"
"The Stinking Bishops","tbscheese@gmail.com","","Newtown","+61 2 9550 6116","https://www.thestinkingbishops.com/","https://gustobolsa-chat.pages.dev/?restaurant=the-stinking-bishops&table=1","24"
"The Sultan’s Table","reservations@thesultanstable.com.au","turkish","Newtown","+61 2 9557 0229","https://www.thesultanstable.com.au/","https://gustobolsa-chat.pages.dev/?restaurant=the-sultan-s-table&table=1","51"
"The Terminus","hello@terminuspyrmont.com","","Pyrmont","","https://www.terminuspyrmont.com/","https://gustobolsa-chat.pages.dev/?restaurant=the-terminus&table=1","38"
"The Ternary","events.novotelsydneydarlingharbour@accor.com","Australian Restaurant","Darling Harbour e Barangaroo","(02) 9934 0000","https://www.theternary.com.au","https://gustobolsa-chat.pages.dev/?restaurant=the-ternary&table=1","33"
"The Toxteth","functions@phmg.com.au","","Glebe","","https://www.toxtethhotel.com.au/","https://gustobolsa-chat.pages.dev/?restaurant=the-toxteth&table=1","89"
"The Wall Cafe","walltwo80@gmail.com","Café","Surry Hills e Darlinghurst","(02) 9280 1980","http://www.wallcoffee.com.au","https://gustobolsa-chat.pages.dev/?restaurant=the-wall-cafe&table=1","12"
"The Waratah","gday@thewaratahsydney.com","Cocktail Bar","Surry Hills e Darlinghurst","0431 465 048","https://www.thewaratahsydney.com","https://gustobolsa-chat.pages.dev/?restaurant=the-waratah&table=1","77"
"This Way Canteen","yo@thiswaycanteen.com","","Circular Quay e The Rocks","","https://www.thiswaycanteen.sydney/","https://gustobolsa-chat.pages.dev/?restaurant=this-way-canteen&table=1","19"
"Three Bottle Man","sydney.threebottleman@marriotthotels.com","Wine Bar","Circular Quay e The Rocks","(02) 9259 7279","https://www.threebottleman.com.au","https://gustobolsa-chat.pages.dev/?restaurant=three-bottle-man&table=1","33"
"Toca","info@tocasydney.com.au","Café","Centro citta' (CBD)","","https://tocasydney.com.au","https://gustobolsa-chat.pages.dev/?restaurant=toca&table=1","9"
"Tokyo Bird","info@tokyobird.com.au","Speakeasy","Surry Hills e Darlinghurst","(02) 8880 9971","http://www.tokyobird.com.au","https://gustobolsa-chat.pages.dev/?restaurant=tokyo-bird&table=1","36"
"Tommy's Beer Cafe","tommy@tommysbeercafe.com.au","Eastern European Restaurant","Glebe","(02) 9660 6870","http://www.tommysbeercafe.com.au","https://gustobolsa-chat.pages.dev/?restaurant=tommy-s-beer-cafe&table=1","84"
"Tommy's Darlinghurst","hello@tommysdarlinghurst.com.au","Mexican Restaurant","Surry Hills e Darlinghurst","0456 631 365","http://www.tommysdining.com.au","https://gustobolsa-chat.pages.dev/?restaurant=tommy-s-darlinghurst&table=1","115"
"Town Hall Hotel Newtown","towniegigs@gmail.com\","Pub","Newtown","(02) 9557 1206","https://townhallhotelnewtown.com","https://gustobolsa-chat.pages.dev/?restaurant=town-hall-hotel-newtown&table=1","74"
"Trinity Bar","info@trinitybar.com.au","","Surry Hills e Darlinghurst","","https://www.trinitybar.com.au/","https://gustobolsa-chat.pages.dev/?restaurant=trinity-bar&table=1","44"
"Tropicana Cafe","info@tropicanacaffe.com","","Surry Hills e Darlinghurst","","https://www.tropicanacaffe.com/","https://gustobolsa-chat.pages.dev/?restaurant=tropicana-cafe&table=1","150"
"Turkuaz Turkish Cuisine","turkuaz.enmore@gmail.com","turkish","Newtown","+61 450 669 500","https://turkuazkitchen.com.au/","https://gustobolsa-chat.pages.dev/?restaurant=turkuaz-turkish-cuisine&table=1","38"
"Twenty One","info@21espresso.com.au","","Double Bay e Darling Point","","https://21espresso.com.au/","https://gustobolsa-chat.pages.dev/?restaurant=twenty-one&table=1","89"
"Twin Pecks Cabaret","info@twinpecks.com.au","Restaurant","Potts Point e Kings Cross","0466 973 257","https://twinpecks.com.au","https://gustobolsa-chat.pages.dev/?restaurant=twin-pecks-cabaret&table=1","41"
"Twin Peeks","enquiries@twinpeeks.com.au","","Potts Point e Kings Cross","","https://www.twinpeeks.com.au/","https://gustobolsa-chat.pages.dev/?restaurant=twin-peeks&table=1","10"
"Two 88 Bar and Kitchen","two88bar@ihg.com","Italian Restaurant","Centro citta' (CBD)","(02) 9063 0100","http://www.two88bar.com.au","https://gustobolsa-chat.pages.dev/?restaurant=two-88-bar-and-kitchen&table=1","37"
"Uliveto Cafe","eat@uliveto.com.au","Café","Surry Hills e Darlinghurst","(02) 9357 7331","http://uliveto.com.au","https://gustobolsa-chat.pages.dev/?restaurant=uliveto-cafe&table=1","27"
"Uncanny","info@uncannynewtown.com","Cocktail Bar","Newtown","(02) 9199 9675","https://www.uncannynewtown.com","https://gustobolsa-chat.pages.dev/?restaurant=uncanny&table=1","18"
"Uncle Ming's Bar","info@unclemings.com.au","Bar","Centro citta' (CBD)","0438 202 272","http://www.unclemings.com.au","https://gustobolsa-chat.pages.dev/?restaurant=uncle-ming-s-bar&table=1","36"
"Vasco","surryhills@vascojoint.com","italian, italian_pizza","Surry Hills e Darlinghurst","+61 433 841 195","https://www.vascojoint.com/","https://gustobolsa-chat.pages.dev/?restaurant=vasco&table=1","19"
"Vegas Hotel","functions@vegashotel.com.au","Bar","Potts Point e Kings Cross","(02) 9357 3800","https://www.vegashotel.com.au","https://gustobolsa-chat.pages.dev/?restaurant=vegas-hotel&table=1","40"
"Via Napoli","info@vianapoli.com.au","Pizzeria","Surry Hills e Darlinghurst","(02) 9310 1300","https://vianapoli.com.au","https://gustobolsa-chat.pages.dev/?restaurant=via-napoli&table=1","54"
"Vietnamese Delicious Cafe and Rolls","thuy@vietnamesedeliciouscafeandrolls.com.au","Café","Centro citta' (CBD)","(02) 9525 4333","https://www.vietnamesedeliciouscafeandrolls.com.au","https://gustobolsa-chat.pages.dev/?restaurant=vietnamese-delicious-cafe-and-rolls&table=1","23"
"Vogue Cafe","reservations@voguecafe.au","","Centro citta' (CBD)","","https://www.voguecafe.au/","https://gustobolsa-chat.pages.dev/?restaurant=vogue-cafe&table=1","36"
"Vue Bar","info@donpedros.com.au","Diner","Bondi Beach","(02) 9130 5166","http://vuebar.com.au","https://gustobolsa-chat.pages.dev/?restaurant=vue-bar&table=1","30"
"Wahlburgers","guestcare@wahlburgers.com","Sports Bar","Circular Quay e The Rocks","(02) 9068 8412","https://wahlburgers.com","https://gustobolsa-chat.pages.dev/?restaurant=wahlburgers&table=1","47"
"Webster's Bar","info@webstersbar.com.au","Bar","Newtown","(02) 9519 1511","http://webstersbar.com.au","https://gustobolsa-chat.pages.dev/?restaurant=webster-s-bar&table=1","54"
"Westwood Pizza","hello@westwoodpizza.com.au","Pizzeria","Newtown","0466 181 266","https://www.westwoodpizza.com.au","https://gustobolsa-chat.pages.dev/?restaurant=westwood-pizza&table=1","15"
"Wh˙sky Th˙ef","events@p48.com.au","Cocktail Bar","Centro citta' (CBD)","(02) 8552 2888","https://www.p48.com.au/venues-whisky-thief","https://gustobolsa-chat.pages.dev/?restaurant=wh-sky-th-ef&table=1","10"
"White Rabbit","info@whiterabbitmarrickville.com","coffee_shop","Newtown","+61 2 9221 8012","https://www.whiterabbitsydney.com/marrickville/","https://gustobolsa-chat.pages.dev/?restaurant=white-rabbit&table=1","25"
"Wicked Angel Cafe","wickedangelcoffee@gmail.com","Food and Beverage Retail","Surry Hills e Darlinghurst","0400 389 320","https://www.wickedangelcafe.com.au","https://gustobolsa-chat.pages.dev/?restaurant=wicked-angel-cafe&table=1","55"
"Wilson Cafe","info@wilsoncafe.com.au","","Surry Hills e Darlinghurst","","https://www.wilsoncafe.com.au/","https://gustobolsa-chat.pages.dev/?restaurant=wilson-cafe&table=1","16"
"Winghaus","reservations@hunter-street.com.au","","Centro citta' (CBD)","","https://winghaus.com.au/winghaus-barangaroo/","https://gustobolsa-chat.pages.dev/?restaurant=winghaus&table=1","39"
"Wings & Tins","darlinghurst@wingsandtins.com","Wings Joint","Surry Hills e Darlinghurst","(02) 9356 3423","https://www.wingsandtins.com","https://gustobolsa-chat.pages.dev/?restaurant=wings-tins&table=1","35"
"Wockbar Manly","wockbar@gmail.com","Asian Restaurant","Manly","0468 689 639","https://www.wockbarmanly.com","https://gustobolsa-chat.pages.dev/?restaurant=wockbar-manly&table=1","70"
"Woolpack Hotel","info@woolpack.com.au","","Surry Hills e Darlinghurst","","https://www.woolpack.com.au/","https://gustobolsa-chat.pages.dev/?restaurant=woolpack-hotel&table=1","45"
"Xopp","info@xopp.com.au","Chinese Restaurant","Haymarket e Chinatown","(02) 8030 0000","https://xopp.com.au","https://gustobolsa-chat.pages.dev/?restaurant=xopp&table=1","125"
"Yellow","info@yellowsydney.com.au","Vegan and Vegetarian Restaurant","Potts Point e Kings Cross","(02) 9332 2344","https://www.yellowsydney.com.au","https://gustobolsa-chat.pages.dev/?restaurant=yellow&table=1","11"
"Yok Thai Restaurant","jcdee.manly@gmail.com","Thai Restaurant","Manly","(02) 9976 6488","http://www.yokthai.com.au","https://gustobolsa-chat.pages.dev/?restaurant=yok-thai-restaurant&table=1","9"
"Yulli’s","info@yullis.com.au","","Surry Hills e Darlinghurst","+61 2 9319 6609","https://yullis.com.au","https://gustobolsa-chat.pages.dev/?restaurant=yulli-s&table=1","16"
"Zambrero","oxford@zambrero.com","Mexican Restaurant","Potts Point e Kings Cross","(02) 9315 7308","https://www.zambrero.com.au","https://gustobolsa-chat.pages.dev/?restaurant=zambrero&table=1","39"
"Zebra Lounge","craigrjarman@hotmail.com","australian, brunch","Pyrmont","","https://www.zebralounge.com.au/","https://gustobolsa-chat.pages.dev/?restaurant=zebra-lounge&table=1","33"
"Zia Pina Pizzeria","ziapinatherocks@gmail.com","","Circular Quay e The Rocks","+61 2 9247 2255","https://www.ziapinatherocks.com.au/","https://gustobolsa-chat.pages.dev/?restaurant=zia-pina-pizzeria&table=1","104"
"Zushi","surryhills@zushi.com.au","japanese","Centro citta' (CBD)","","https://zushi.com.au/barangaroo/","https://gustobolsa-chat.pages.dev/?restaurant=zushi&table=1","72"
